VCD info: dumpfile waveforms/pll_full.vcd opened for output.

============================================
PLL STARTED
Reference clock = 10 MHz
TDC clock       = 200 MHz
Control clock   = 50 MHz
Divider         = 4
Initial VCO target approximately 40 MHz
Stable-lock requirement = 1000 ctrl cycles = 20.00 us
============================================

time=230000 state=2 error=-2 tuning=512 kp=0 ki=0 locked=0
time=330000 state=2 error=-1 tuning=512 kp=0 ki=0 locked=0
time=450000 state=2 error=1 tuning=512 kp=0 ki=0 locked=0
time=550000 state=2 error=2 tuning=512 kp=0 ki=0 locked=0
time=650000 state=2 error=3 tuning=512 kp=0 ki=0 locked=0
time=770000 state=2 error=5 tuning=512 kp=0 ki=0 locked=0
time=870000 state=2 error=6 tuning=512 kp=0 ki=0 locked=0
time=970000 state=2 error=7 tuning=512 kp=0 ki=0 locked=0
time=1090000 state=2 error=9 tuning=512 kp=0 ki=0 locked=0
time=1190000 state=2 error=10 tuning=512 kp=0 ki=0 locked=0
time=1290000 state=2 error=11 tuning=512 kp=0 ki=0 locked=0
time=1410000 state=2 error=13 tuning=512 kp=0 ki=0 locked=0
time=1510000 state=2 error=14 tuning=512 kp=0 ki=0 locked=0
time=1610000 state=2 error=15 tuning=512 kp=0 ki=0 locked=0
time=1730000 state=2 error=17 tuning=512 kp=0 ki=0 locked=0
time=1830000 state=2 error=18 tuning=512 kp=0 ki=0 locked=0
time=1930000 state=2 error=19 tuning=512 kp=0 ki=0 locked=0
time=2050000 state=2 error=21 tuning=512 kp=0 ki=0 locked=0
time=2150000 state=2 error=2 tuning=512 kp=0 ki=0 locked=0
time=2250000 state=2 error=3 tuning=512 kp=0 ki=0 locked=0
time=2370000 state=2 error=5 tuning=512 kp=0 ki=0 locked=0
time=2470000 state=2 error=6 tuning=512 kp=0 ki=0 locked=0
time=2570000 state=2 error=7 tuning=512 kp=0 ki=0 locked=0
time=2690000 state=2 error=9 tuning=512 kp=0 ki=0 locked=0
time=2790000 state=2 error=10 tuning=512 kp=0 ki=0 locked=0
time=2890000 state=2 error=11 tuning=512 kp=0 ki=0 locked=0
time=2990000 state=2 error=12 tuning=512 kp=0 ki=0 locked=0
time=3110000 state=2 error=14 tuning=512 kp=0 ki=0 locked=0
time=3210000 state=2 error=15 tuning=512 kp=0 ki=0 locked=0
time=3310000 state=2 error=16 tuning=512 kp=0 ki=0 locked=0
time=3430000 state=2 error=18 tuning=512 kp=0 ki=0 locked=0
time=3530000 state=2 error=19 tuning=512 kp=0 ki=0 locked=0
time=3630000 state=2 error=20 tuning=512 kp=0 ki=0 locked=0
time=3750000 state=2 error=2 tuning=512 kp=0 ki=0 locked=0
time=3850000 state=2 error=3 tuning=512 kp=0 ki=0 locked=0
time=3950000 state=2 error=4 tuning=512 kp=0 ki=0 locked=0
time=4070000 state=2 error=6 tuning=512 kp=0 ki=0 locked=0
time=4170000 state=2 error=7 tuning=512 kp=0 ki=0 locked=0
time=4270000 state=2 error=8 tuning=512 kp=0 ki=0 locked=0
time=4390000 state=2 error=10 tuning=512 kp=0 ki=0 locked=0
time=4490000 state=2 error=11 tuning=512 kp=0 ki=0 locked=0
time=4590000 state=2 error=12 tuning=512 kp=0 ki=0 locked=0
time=4710000 state=2 error=14 tuning=512 kp=0 ki=0 locked=0
time=4810000 state=2 error=15 tuning=512 kp=0 ki=0 locked=0
time=4910000 state=2 error=16 tuning=512 kp=0 ki=0 locked=0
time=5030000 state=2 error=18 tuning=512 kp=0 ki=0 locked=0
time=5130000 state=2 error=19 tuning=512 kp=0 ki=0 locked=0
time=5230000 state=2 error=20 tuning=512 kp=0 ki=0 locked=0
time=5350000 state=2 error=2 tuning=512 kp=0 ki=0 locked=0
time=5450000 state=2 error=3 tuning=512 kp=0 ki=0 locked=0
time=5550000 state=2 error=4 tuning=512 kp=0 ki=0 locked=0
time=5670000 state=2 error=6 tuning=512 kp=0 ki=0 locked=0
time=5770000 state=2 error=7 tuning=512 kp=0 ki=0 locked=0
time=5870000 state=2 error=8 tuning=512 kp=0 ki=0 locked=0
time=5990000 state=2 error=10 tuning=512 kp=0 ki=0 locked=0
time=6090000 state=2 error=11 tuning=512 kp=0 ki=0 locked=0
time=6190000 state=2 error=12 tuning=512 kp=0 ki=0 locked=0
time=6310000 state=2 error=14 tuning=512 kp=0 ki=0 locked=0
time=6410000 state=2 error=15 tuning=512 kp=0 ki=0 locked=0
time=6510000 state=2 error=16 tuning=512 kp=0 ki=0 locked=0
time=6630000 state=2 error=18 tuning=512 kp=0 ki=0 locked=0
time=6730000 state=2 error=19 tuning=512 kp=0 ki=0 locked=0
time=6830000 state=2 error=20 tuning=512 kp=0 ki=0 locked=0
time=6950000 state=2 error=2 tuning=512 kp=0 ki=0 locked=0
time=7050000 state=2 error=3 tuning=512 kp=0 ki=0 locked=0
time=7150000 state=2 error=4 tuning=512 kp=0 ki=0 locked=0
time=7270000 state=2 error=6 tuning=512 kp=0 ki=0 locked=0
time=7370000 state=2 error=7 tuning=512 kp=0 ki=0 locked=0
time=7470000 state=2 error=8 tuning=512 kp=0 ki=0 locked=0
time=7590000 state=2 error=10 tuning=512 kp=0 ki=0 locked=0
time=7690000 state=2 error=11 tuning=512 kp=0 ki=0 locked=0
time=7790000 state=2 error=12 tuning=512 kp=0 ki=0 locked=0
time=7910000 state=2 error=13 tuning=512 kp=0 ki=0 locked=0
time=8010000 state=2 error=15 tuning=512 kp=0 ki=0 locked=0
time=8110000 state=2 error=16 tuning=512 kp=0 ki=0 locked=0
time=8230000 state=2 error=17 tuning=512 kp=0 ki=0 locked=0
time=8330000 state=2 error=19 tuning=512 kp=0 ki=0 locked=0
time=8430000 state=2 error=20 tuning=512 kp=0 ki=0 locked=0
time=8550000 state=2 error=1 tuning=512 kp=0 ki=0 locked=0
time=8650000 state=2 error=3 tuning=512 kp=0 ki=0 locked=0
time=8750000 state=2 error=4 tuning=512 kp=0 ki=0 locked=0
time=8870000 state=2 error=5 tuning=512 kp=0 ki=0 locked=0
time=8970000 state=2 error=7 tuning=512 kp=0 ki=0 locked=0
time=9070000 state=2 error=8 tuning=512 kp=0 ki=0 locked=0
time=9190000 state=2 error=9 tuning=512 kp=0 ki=0 locked=0
time=9290000 state=2 error=11 tuning=512 kp=0 ki=0 locked=0
time=9390000 state=2 error=12 tuning=512 kp=0 ki=0 locked=0
time=9510000 state=2 error=13 tuning=512 kp=0 ki=0 locked=0
time=9610000 state=2 error=15 tuning=512 kp=0 ki=0 locked=0
time=9710000 state=2 error=16 tuning=512 kp=0 ki=0 locked=0
time=9830000 state=2 error=17 tuning=512 kp=0 ki=0 locked=0
time=9930000 state=2 error=19 tuning=512 kp=0 ki=0 locked=0
time=10030000 state=2 error=20 tuning=512 kp=0 ki=0 locked=0
time=10150000 state=2 error=1 tuning=512 kp=0 ki=0 locked=0
time=10250000 state=2 error=3 tuning=512 kp=0 ki=0 locked=0
time=10350000 state=2 error=4 tuning=608 kp=0 ki=0 locked=0
time=10450000 state=2 error=4 tuning=608 kp=0 ki=0 locked=0
time=10550000 state=2 error=4 tuning=608 kp=0 ki=0 locked=0
time=10650000 state=2 error=4 tuning=608 kp=0 ki=0 locked=0
time=10750000 state=2 error=4 tuning=608 kp=0 ki=0 locked=0
time=10850000 state=2 error=4 tuning=608 kp=0 ki=0 locked=0
time=10950000 state=2 error=4 tuning=608 kp=0 ki=0 locked=0
time=11050000 state=2 error=4 tuning=608 kp=0 ki=0 locked=0
time=11170000 state=2 error=5 tuning=608 kp=0 ki=0 locked=0
time=11270000 state=2 error=5 tuning=608 kp=0 ki=0 locked=0
time=11370000 state=2 error=5 tuning=608 kp=0 ki=0 locked=0
time=11470000 state=2 error=5 tuning=608 kp=0 ki=0 locked=0
time=11570000 state=2 error=5 tuning=608 kp=0 ki=0 locked=0
time=11670000 state=2 error=5 tuning=608 kp=0 ki=0 locked=0
time=11770000 state=2 error=5 tuning=608 kp=0 ki=0 locked=0
time=11870000 state=2 error=5 tuning=608 kp=0 ki=0 locked=0
time=11970000 state=2 error=5 tuning=608 kp=0 ki=0 locked=0
time=12070000 state=2 error=5 tuning=608 kp=0 ki=0 locked=0
time=12170000 state=2 error=5 tuning=608 kp=0 ki=0 locked=0
time=12270000 state=2 error=5 tuning=608 kp=0 ki=0 locked=0
time=12370000 state=2 error=5 tuning=608 kp=0 ki=0 locked=0
time=12470000 state=2 error=5 tuning=608 kp=0 ki=0 locked=0
time=12570000 state=2 error=6 tuning=608 kp=0 ki=0 locked=0
time=12670000 state=2 error=6 tuning=608 kp=0 ki=0 locked=0
time=12770000 state=2 error=6 tuning=608 kp=0 ki=0 locked=0
time=12870000 state=2 error=6 tuning=608 kp=0 ki=0 locked=0
time=12970000 state=2 error=6 tuning=608 kp=0 ki=0 locked=0
time=13070000 state=2 error=6 tuning=608 kp=0 ki=0 locked=0
time=13170000 state=2 error=6 tuning=608 kp=0 ki=0 locked=0
time=13270000 state=2 error=6 tuning=608 kp=0 ki=0 locked=0
time=13370000 state=2 error=6 tuning=608 kp=0 ki=0 locked=0
time=13470000 state=2 error=6 tuning=608 kp=0 ki=0 locked=0
time=13570000 state=2 error=6 tuning=608 kp=0 ki=0 locked=0
time=13670000 state=2 error=6 tuning=608 kp=0 ki=0 locked=0
time=13770000 state=2 error=6 tuning=608 kp=0 ki=0 locked=0
time=13870000 state=2 error=6 tuning=608 kp=0 ki=0 locked=0
time=13970000 state=2 error=7 tuning=608 kp=0 ki=0 locked=0
time=14070000 state=2 error=7 tuning=608 kp=0 ki=0 locked=0
time=14170000 state=2 error=7 tuning=608 kp=0 ki=0 locked=0
time=14270000 state=2 error=7 tuning=608 kp=0 ki=0 locked=0
time=14370000 state=2 error=7 tuning=608 kp=0 ki=0 locked=0
time=14470000 state=2 error=7 tuning=608 kp=0 ki=0 locked=0
time=14570000 state=2 error=7 tuning=608 kp=0 ki=0 locked=0
time=14670000 state=2 error=7 tuning=608 kp=0 ki=0 locked=0
time=14770000 state=2 error=7 tuning=608 kp=0 ki=0 locked=0
time=14870000 state=2 error=7 tuning=608 kp=0 ki=0 locked=0
time=14970000 state=2 error=7 tuning=608 kp=0 ki=0 locked=0
time=15070000 state=2 error=7 tuning=608 kp=0 ki=0 locked=0
time=15170000 state=2 error=7 tuning=608 kp=0 ki=0 locked=0
time=15270000 state=2 error=7 tuning=608 kp=0 ki=0 locked=0
time=15370000 state=2 error=8 tuning=608 kp=0 ki=0 locked=0
time=15470000 state=2 error=8 tuning=608 kp=0 ki=0 locked=0
time=15570000 state=2 error=8 tuning=608 kp=0 ki=0 locked=0
time=15670000 state=2 error=8 tuning=608 kp=0 ki=0 locked=0
time=15770000 state=2 error=8 tuning=608 kp=0 ki=0 locked=0
time=15870000 state=2 error=8 tuning=608 kp=0 ki=0 locked=0
time=15970000 state=2 error=8 tuning=608 kp=0 ki=0 locked=0
time=16070000 state=2 error=8 tuning=608 kp=0 ki=0 locked=0
time=16170000 state=2 error=8 tuning=608 kp=0 ki=0 locked=0
time=16270000 state=2 error=8 tuning=608 kp=0 ki=0 locked=0
time=16370000 state=2 error=8 tuning=608 kp=0 ki=0 locked=0
time=16470000 state=2 error=8 tuning=608 kp=0 ki=0 locked=0
time=16570000 state=2 error=8 tuning=608 kp=0 ki=0 locked=0
time=16670000 state=2 error=8 tuning=608 kp=0 ki=0 locked=0
time=16790000 state=2 error=9 tuning=608 kp=0 ki=0 locked=0
time=16890000 state=2 error=9 tuning=608 kp=0 ki=0 locked=0
time=16990000 state=2 error=9 tuning=608 kp=0 ki=0 locked=0
time=17090000 state=2 error=9 tuning=608 kp=0 ki=0 locked=0
time=17190000 state=2 error=9 tuning=608 kp=0 ki=0 locked=0
time=17290000 state=2 error=9 tuning=608 kp=0 ki=0 locked=0
time=17390000 state=2 error=9 tuning=608 kp=0 ki=0 locked=0
time=17490000 state=2 error=9 tuning=608 kp=0 ki=0 locked=0
time=17590000 state=2 error=9 tuning=608 kp=0 ki=0 locked=0
time=17690000 state=2 error=9 tuning=608 kp=0 ki=0 locked=0
time=17790000 state=2 error=9 tuning=608 kp=0 ki=0 locked=0
time=17890000 state=2 error=9 tuning=608 kp=0 ki=0 locked=0
time=17990000 state=2 error=9 tuning=608 kp=0 ki=0 locked=0
time=18090000 state=2 error=9 tuning=608 kp=0 ki=0 locked=0
time=18190000 state=2 error=9 tuning=608 kp=0 ki=0 locked=0
time=18290000 state=2 error=10 tuning=608 kp=0 ki=0 locked=0
time=18390000 state=2 error=10 tuning=608 kp=0 ki=0 locked=0
time=18490000 state=2 error=10 tuning=608 kp=0 ki=0 locked=0
time=18590000 state=2 error=10 tuning=608 kp=0 ki=0 locked=0
time=18690000 state=2 error=10 tuning=608 kp=0 ki=0 locked=0
time=18790000 state=2 error=10 tuning=608 kp=0 ki=0 locked=0
time=18890000 state=2 error=10 tuning=608 kp=0 ki=0 locked=0
time=18990000 state=2 error=10 tuning=608 kp=0 ki=0 locked=0
time=19090000 state=2 error=10 tuning=608 kp=0 ki=0 locked=0
time=19190000 state=2 error=10 tuning=608 kp=0 ki=0 locked=0
time=19290000 state=2 error=10 tuning=608 kp=0 ki=0 locked=0
time=19390000 state=2 error=10 tuning=608 kp=0 ki=0 locked=0
time=19490000 state=2 error=10 tuning=608 kp=0 ki=0 locked=0
time=19590000 state=2 error=10 tuning=608 kp=0 ki=0 locked=0
time=19690000 state=2 error=11 tuning=608 kp=0 ki=0 locked=0
time=19790000 state=2 error=11 tuning=608 kp=0 ki=0 locked=0
time=19890000 state=2 error=11 tuning=608 kp=0 ki=0 locked=0
time=19990000 state=2 error=11 tuning=608 kp=0 ki=0 locked=0
time=20090000 state=2 error=11 tuning=608 kp=0 ki=0 locked=0
time=20190000 state=2 error=11 tuning=608 kp=0 ki=0 locked=0
time=20290000 state=2 error=11 tuning=608 kp=0 ki=0 locked=0
time=20390000 state=2 error=11 tuning=608 kp=0 ki=0 locked=0
time=20490000 state=2 error=11 tuning=608 kp=0 ki=0 locked=0
time=20590000 state=2 error=11 tuning=608 kp=0 ki=0 locked=0
time=20690000 state=2 error=11 tuning=608 kp=0 ki=0 locked=0
time=20790000 state=2 error=11 tuning=608 kp=0 ki=0 locked=0
time=20890000 state=2 error=11 tuning=608 kp=0 ki=0 locked=0
time=20990000 state=2 error=11 tuning=608 kp=0 ki=0 locked=0
time=21090000 state=2 error=12 tuning=608 kp=0 ki=0 locked=0
time=21190000 state=2 error=12 tuning=608 kp=0 ki=0 locked=0
time=21290000 state=2 error=12 tuning=608 kp=0 ki=0 locked=0
time=21390000 state=2 error=12 tuning=608 kp=0 ki=0 locked=0
time=21490000 state=2 error=12 tuning=608 kp=0 ki=0 locked=0
time=21590000 state=2 error=12 tuning=608 kp=0 ki=0 locked=0
time=21690000 state=2 error=12 tuning=608 kp=0 ki=0 locked=0
time=21790000 state=2 error=12 tuning=608 kp=0 ki=0 locked=0
time=21890000 state=2 error=12 tuning=608 kp=0 ki=0 locked=0
time=21990000 state=2 error=12 tuning=608 kp=0 ki=0 locked=0
time=22090000 state=2 error=12 tuning=608 kp=0 ki=0 locked=0
time=22190000 state=2 error=12 tuning=608 kp=0 ki=0 locked=0
time=22290000 state=2 error=12 tuning=608 kp=0 ki=0 locked=0
time=22390000 state=2 error=12 tuning=608 kp=0 ki=0 locked=0
time=22510000 state=2 error=13 tuning=608 kp=0 ki=0 locked=0
time=22610000 state=2 error=13 tuning=608 kp=0 ki=0 locked=0
time=22710000 state=2 error=13 tuning=608 kp=0 ki=0 locked=0
time=22810000 state=2 error=13 tuning=608 kp=0 ki=0 locked=0
time=22910000 state=2 error=13 tuning=608 kp=0 ki=0 locked=0
time=23010000 state=2 error=13 tuning=608 kp=0 ki=0 locked=0
time=23110000 state=2 error=13 tuning=608 kp=0 ki=0 locked=0
time=23210000 state=2 error=13 tuning=608 kp=0 ki=0 locked=0
time=23310000 state=2 error=13 tuning=608 kp=0 ki=0 locked=0
time=23410000 state=2 error=13 tuning=608 kp=0 ki=0 locked=0
time=23510000 state=2 error=13 tuning=608 kp=0 ki=0 locked=0
time=23610000 state=2 error=13 tuning=608 kp=0 ki=0 locked=0
time=23710000 state=2 error=13 tuning=608 kp=0 ki=0 locked=0
time=23810000 state=2 error=13 tuning=608 kp=0 ki=0 locked=0
time=23910000 state=2 error=14 tuning=608 kp=0 ki=0 locked=0
time=24010000 state=2 error=14 tuning=608 kp=0 ki=0 locked=0
time=24110000 state=2 error=14 tuning=608 kp=0 ki=0 locked=0
time=24210000 state=2 error=14 tuning=608 kp=0 ki=0 locked=0
time=24310000 state=2 error=14 tuning=608 kp=0 ki=0 locked=0
time=24410000 state=2 error=14 tuning=608 kp=0 ki=0 locked=0
time=24510000 state=2 error=14 tuning=608 kp=0 ki=0 locked=0
time=24610000 state=2 error=14 tuning=608 kp=0 ki=0 locked=0
time=24710000 state=2 error=14 tuning=608 kp=0 ki=0 locked=0
time=24810000 state=2 error=14 tuning=608 kp=0 ki=0 locked=0
time=24910000 state=2 error=14 tuning=608 kp=0 ki=0 locked=0
time=25010000 state=2 error=14 tuning=608 kp=0 ki=0 locked=0
time=25110000 state=2 error=14 tuning=608 kp=0 ki=0 locked=0
time=25210000 state=2 error=14 tuning=608 kp=0 ki=0 locked=0
time=25310000 state=2 error=14 tuning=608 kp=0 ki=0 locked=0
time=25410000 state=2 error=15 tuning=608 kp=0 ki=0 locked=0
time=25510000 state=2 error=15 tuning=608 kp=0 ki=0 locked=0
time=25610000 state=2 error=15 tuning=608 kp=0 ki=0 locked=0
time=25710000 state=2 error=15 tuning=608 kp=0 ki=0 locked=0
time=25810000 state=2 error=15 tuning=608 kp=0 ki=0 locked=0
time=25910000 state=2 error=15 tuning=608 kp=0 ki=0 locked=0
time=26010000 state=2 error=15 tuning=608 kp=0 ki=0 locked=0
time=26110000 state=2 error=15 tuning=608 kp=0 ki=0 locked=0
time=26210000 state=2 error=15 tuning=608 kp=0 ki=0 locked=0
time=26310000 state=2 error=15 tuning=608 kp=0 ki=0 locked=0
time=26410000 state=2 error=15 tuning=608 kp=0 ki=0 locked=0
time=26510000 state=2 error=15 tuning=608 kp=0 ki=0 locked=0
time=26610000 state=2 error=15 tuning=608 kp=0 ki=0 locked=0
time=26710000 state=2 error=15 tuning=608 kp=0 ki=0 locked=0
time=26810000 state=2 error=16 tuning=608 kp=0 ki=0 locked=0
time=26910000 state=2 error=16 tuning=608 kp=0 ki=0 locked=0
time=27010000 state=2 error=16 tuning=608 kp=0 ki=0 locked=0
time=27110000 state=2 error=16 tuning=608 kp=0 ki=0 locked=0
time=27210000 state=2 error=16 tuning=608 kp=0 ki=0 locked=0
time=27310000 state=2 error=16 tuning=608 kp=0 ki=0 locked=0
time=27410000 state=2 error=16 tuning=608 kp=0 ki=0 locked=0
time=27510000 state=2 error=16 tuning=608 kp=0 ki=0 locked=0
time=27610000 state=2 error=16 tuning=608 kp=0 ki=0 locked=0
time=27710000 state=2 error=16 tuning=608 kp=0 ki=0 locked=0
time=27810000 state=2 error=16 tuning=608 kp=0 ki=0 locked=0
time=27910000 state=2 error=16 tuning=608 kp=0 ki=0 locked=0
time=28010000 state=2 error=16 tuning=608 kp=0 ki=0 locked=0
time=28110000 state=2 error=16 tuning=608 kp=0 ki=0 locked=0
time=28230000 state=2 error=17 tuning=608 kp=0 ki=0 locked=0
time=28330000 state=2 error=17 tuning=608 kp=0 ki=0 locked=0
time=28430000 state=2 error=17 tuning=608 kp=0 ki=0 locked=0
time=28530000 state=2 error=17 tuning=608 kp=0 ki=0 locked=0
time=28630000 state=2 error=17 tuning=608 kp=0 ki=0 locked=0
time=28730000 state=2 error=17 tuning=608 kp=0 ki=0 locked=0
time=28830000 state=2 error=17 tuning=608 kp=0 ki=0 locked=0
time=28930000 state=2 error=17 tuning=608 kp=0 ki=0 locked=0
time=29030000 state=2 error=17 tuning=608 kp=0 ki=0 locked=0
time=29130000 state=2 error=17 tuning=608 kp=0 ki=0 locked=0
time=29230000 state=2 error=17 tuning=608 kp=0 ki=0 locked=0
time=29330000 state=2 error=17 tuning=608 kp=0 ki=0 locked=0
time=29430000 state=2 error=17 tuning=608 kp=0 ki=0 locked=0
time=29530000 state=2 error=17 tuning=608 kp=0 ki=0 locked=0
time=29630000 state=2 error=18 tuning=608 kp=0 ki=0 locked=0
time=29730000 state=2 error=18 tuning=608 kp=0 ki=0 locked=0
time=29830000 state=2 error=18 tuning=608 kp=0 ki=0 locked=0
time=29930000 state=2 error=18 tuning=608 kp=0 ki=0 locked=0
time=30030000 state=2 error=18 tuning=608 kp=0 ki=0 locked=0
time=30130000 state=2 error=18 tuning=608 kp=0 ki=0 locked=0
time=30230000 state=2 error=18 tuning=608 kp=0 ki=0 locked=0
time=30330000 state=2 error=18 tuning=608 kp=0 ki=0 locked=0
time=30430000 state=2 error=18 tuning=608 kp=0 ki=0 locked=0
time=30530000 state=2 error=18 tuning=608 kp=0 ki=0 locked=0
time=30630000 state=2 error=18 tuning=608 kp=0 ki=0 locked=0
time=30730000 state=2 error=18 tuning=608 kp=0 ki=0 locked=0
time=30830000 state=2 error=18 tuning=608 kp=0 ki=0 locked=0
time=30930000 state=2 error=18 tuning=608 kp=0 ki=0 locked=0
time=31030000 state=2 error=19 tuning=608 kp=0 ki=0 locked=0
time=31130000 state=2 error=19 tuning=608 kp=0 ki=0 locked=0
time=31230000 state=2 error=19 tuning=608 kp=0 ki=0 locked=0
time=31330000 state=2 error=19 tuning=608 kp=0 ki=0 locked=0
time=31430000 state=2 error=19 tuning=608 kp=0 ki=0 locked=0
time=31530000 state=2 error=19 tuning=608 kp=0 ki=0 locked=0
time=31630000 state=2 error=19 tuning=608 kp=0 ki=0 locked=0
time=31730000 state=2 error=19 tuning=608 kp=0 ki=0 locked=0
time=31830000 state=2 error=19 tuning=608 kp=0 ki=0 locked=0
time=31930000 state=2 error=19 tuning=608 kp=0 ki=0 locked=0
time=32030000 state=2 error=19 tuning=608 kp=0 ki=0 locked=0
time=32130000 state=2 error=19 tuning=608 kp=0 ki=0 locked=0
time=32230000 state=2 error=19 tuning=608 kp=0 ki=0 locked=0
time=32330000 state=2 error=19 tuning=608 kp=0 ki=0 locked=0
time=32430000 state=2 error=19 tuning=608 kp=0 ki=0 locked=0
time=32530000 state=2 error=20 tuning=608 kp=0 ki=0 locked=0
time=32630000 state=2 error=0 tuning=608 kp=0 ki=0 locked=0
time=32730000 state=2 error=0 tuning=608 kp=0 ki=0 locked=0
time=32830000 state=2 error=0 tuning=608 kp=0 ki=0 locked=0
time=32930000 state=2 error=0 tuning=608 kp=0 ki=0 locked=0
time=33030000 state=2 error=0 tuning=608 kp=0 ki=0 locked=0
time=33130000 state=2 error=0 tuning=608 kp=0 ki=0 locked=0
time=33230000 state=2 error=0 tuning=608 kp=0 ki=0 locked=0
time=33330000 state=2 error=0 tuning=608 kp=0 ki=0 locked=0
time=33430000 state=2 error=0 tuning=608 kp=0 ki=0 locked=0
time=33530000 state=2 error=0 tuning=608 kp=0 ki=0 locked=0
time=33630000 state=2 error=0 tuning=608 kp=0 ki=0 locked=0
time=33730000 state=2 error=0 tuning=608 kp=0 ki=0 locked=0
time=33830000 state=2 error=0 tuning=608 kp=0 ki=0 locked=0
time=33950000 state=2 error=1 tuning=608 kp=0 ki=0 locked=0
time=34050000 state=2 error=1 tuning=608 kp=0 ki=0 locked=0
time=34150000 state=2 error=1 tuning=608 kp=0 ki=0 locked=0
time=34250000 state=2 error=1 tuning=608 kp=0 ki=0 locked=0
time=34350000 state=2 error=1 tuning=608 kp=0 ki=0 locked=0
time=34450000 state=2 error=1 tuning=608 kp=0 ki=0 locked=0
time=34550000 state=2 error=1 tuning=608 kp=0 ki=0 locked=0
time=34650000 state=2 error=1 tuning=608 kp=0 ki=0 locked=0
time=34750000 state=2 error=1 tuning=608 kp=0 ki=0 locked=0
time=34850000 state=2 error=1 tuning=608 kp=0 ki=0 locked=0
time=34950000 state=2 error=1 tuning=608 kp=0 ki=0 locked=0
time=35050000 state=2 error=1 tuning=608 kp=0 ki=0 locked=0
time=35150000 state=2 error=1 tuning=608 kp=0 ki=0 locked=0
time=35250000 state=2 error=1 tuning=608 kp=0 ki=0 locked=0
time=35350000 state=2 error=2 tuning=608 kp=0 ki=0 locked=0
time=35450000 state=2 error=2 tuning=608 kp=0 ki=0 locked=0
time=35550000 state=2 error=2 tuning=608 kp=0 ki=0 locked=0
time=35650000 state=2 error=2 tuning=608 kp=0 ki=0 locked=0
time=35750000 state=2 error=2 tuning=608 kp=0 ki=0 locked=0
time=35850000 state=2 error=2 tuning=608 kp=0 ki=0 locked=0
time=35950000 state=2 error=2 tuning=608 kp=0 ki=0 locked=0
time=36050000 state=2 error=2 tuning=608 kp=0 ki=0 locked=0
time=36150000 state=2 error=2 tuning=608 kp=0 ki=0 locked=0
time=36250000 state=2 error=2 tuning=608 kp=0 ki=0 locked=0
time=36350000 state=2 error=2 tuning=608 kp=0 ki=0 locked=0
time=36450000 state=2 error=2 tuning=608 kp=0 ki=0 locked=0
time=36550000 state=2 error=2 tuning=608 kp=0 ki=0 locked=0
time=36650000 state=2 error=2 tuning=608 kp=0 ki=0 locked=0
time=36750000 state=2 error=3 tuning=608 kp=0 ki=0 locked=0
time=36850000 state=2 error=3 tuning=608 kp=0 ki=0 locked=0
time=36950000 state=2 error=3 tuning=608 kp=0 ki=0 locked=0
time=37050000 state=2 error=3 tuning=608 kp=0 ki=0 locked=0
time=37150000 state=2 error=3 tuning=608 kp=0 ki=0 locked=0
time=37250000 state=2 error=3 tuning=608 kp=0 ki=0 locked=0
time=37350000 state=2 error=3 tuning=608 kp=0 ki=0 locked=0
time=37450000 state=2 error=3 tuning=608 kp=0 ki=0 locked=0
time=37550000 state=2 error=3 tuning=608 kp=0 ki=0 locked=0
time=37650000 state=2 error=3 tuning=608 kp=0 ki=0 locked=0
time=37750000 state=2 error=3 tuning=608 kp=0 ki=0 locked=0
time=37850000 state=2 error=3 tuning=608 kp=0 ki=0 locked=0
time=37950000 state=2 error=3 tuning=608 kp=0 ki=0 locked=0
time=38050000 state=2 error=3 tuning=608 kp=0 ki=0 locked=0
time=38150000 state=2 error=4 tuning=608 kp=0 ki=0 locked=0
time=38250000 state=2 error=4 tuning=608 kp=0 ki=0 locked=0
time=38350000 state=2 error=4 tuning=608 kp=0 ki=0 locked=0
time=38450000 state=2 error=4 tuning=608 kp=0 ki=0 locked=0
time=38550000 state=2 error=4 tuning=608 kp=0 ki=0 locked=0
time=38650000 state=2 error=4 tuning=608 kp=0 ki=0 locked=0
time=38750000 state=2 error=4 tuning=608 kp=0 ki=0 locked=0
time=38850000 state=2 error=4 tuning=608 kp=0 ki=0 locked=0
time=38950000 state=2 error=4 tuning=608 kp=0 ki=0 locked=0
time=39050000 state=2 error=4 tuning=608 kp=0 ki=0 locked=0
time=39150000 state=2 error=4 tuning=608 kp=0 ki=0 locked=0
time=39250000 state=2 error=4 tuning=608 kp=0 ki=0 locked=0
time=39350000 state=2 error=4 tuning=608 kp=0 ki=0 locked=0
time=39450000 state=2 error=4 tuning=608 kp=0 ki=0 locked=0
time=39550000 state=2 error=4 tuning=608 kp=0 ki=0 locked=0
time=39670000 state=2 error=5 tuning=608 kp=0 ki=0 locked=0
time=39770000 state=2 error=5 tuning=608 kp=0 ki=0 locked=0
time=39870000 state=2 error=5 tuning=608 kp=0 ki=0 locked=0
time=39970000 state=2 error=5 tuning=608 kp=0 ki=0 locked=0
time=40070000 state=2 error=5 tuning=608 kp=0 ki=0 locked=0
time=40170000 state=2 error=5 tuning=608 kp=0 ki=0 locked=0
time=40270000 state=2 error=5 tuning=608 kp=0 ki=0 locked=0
time=40370000 state=3 error=5 tuning=608 kp=4 ki=1 locked=0
time=40470000 state=3 error=5 tuning=609 kp=4 ki=1 locked=0
time=40570000 state=3 error=5 tuning=609 kp=4 ki=1 locked=0
time=40670000 state=3 error=5 tuning=610 kp=4 ki=1 locked=0
time=40770000 state=3 error=5 tuning=610 kp=4 ki=1 locked=0
time=40870000 state=3 error=5 tuning=610 kp=4 ki=1 locked=0
time=40970000 state=3 error=5 tuning=611 kp=4 ki=1 locked=0
time=41070000 state=3 error=5 tuning=611 kp=4 ki=1 locked=0
time=41170000 state=3 error=5 tuning=611 kp=4 ki=1 locked=0
time=41270000 state=3 error=5 tuning=612 kp=4 ki=1 locked=0
time=41370000 state=3 error=6 tuning=612 kp=4 ki=1 locked=0
time=41470000 state=3 error=6 tuning=613 kp=4 ki=1 locked=0
time=41570000 state=3 error=6 tuning=613 kp=4 ki=1 locked=0
time=41670000 state=3 error=6 tuning=613 kp=4 ki=1 locked=0
time=41770000 state=3 error=6 tuning=614 kp=4 ki=1 locked=0
time=41870000 state=3 error=6 tuning=614 kp=4 ki=1 locked=0
time=41970000 state=3 error=6 tuning=614 kp=4 ki=1 locked=0
time=42070000 state=3 error=6 tuning=615 kp=4 ki=1 locked=0
time=42170000 state=3 error=6 tuning=615 kp=4 ki=1 locked=0
time=42270000 state=3 error=6 tuning=616 kp=4 ki=1 locked=0
time=42370000 state=3 error=5 tuning=616 kp=4 ki=1 locked=0
time=42470000 state=3 error=5 tuning=616 kp=4 ki=1 locked=0
time=42570000 state=3 error=5 tuning=616 kp=4 ki=1 locked=0
time=42670000 state=3 error=5 tuning=617 kp=4 ki=1 locked=0
time=42770000 state=3 error=5 tuning=617 kp=4 ki=1 locked=0
time=42870000 state=3 error=5 tuning=617 kp=4 ki=1 locked=0
time=42970000 state=3 error=5 tuning=618 kp=4 ki=1 locked=0
time=43070000 state=3 error=5 tuning=618 kp=4 ki=1 locked=0
time=43170000 state=3 error=5 tuning=618 kp=4 ki=1 locked=0
time=43270000 state=3 error=5 tuning=618 kp=4 ki=1 locked=0
time=43370000 state=3 error=5 tuning=619 kp=4 ki=1 locked=0
time=43470000 state=3 error=5 tuning=619 kp=4 ki=1 locked=0
time=43570000 state=3 error=5 tuning=619 kp=4 ki=1 locked=0
time=43670000 state=3 error=5 tuning=620 kp=4 ki=1 locked=0
time=43770000 state=3 error=5 tuning=620 kp=4 ki=1 locked=0
time=43870000 state=3 error=5 tuning=620 kp=4 ki=1 locked=0
time=43970000 state=3 error=5 tuning=621 kp=4 ki=1 locked=0
time=44070000 state=3 error=5 tuning=621 kp=4 ki=1 locked=0
time=44150000 state=3 error=4 tuning=621 kp=4 ki=1 locked=0
time=44250000 state=3 error=4 tuning=621 kp=4 ki=1 locked=0
time=44350000 state=3 error=4 tuning=622 kp=4 ki=1 locked=0
time=44450000 state=3 error=4 tuning=622 kp=4 ki=1 locked=0
time=44550000 state=3 error=4 tuning=622 kp=4 ki=1 locked=0
time=44650000 state=3 error=4 tuning=622 kp=4 ki=1 locked=0
time=44750000 state=3 error=4 tuning=623 kp=4 ki=1 locked=0
time=44850000 state=3 error=4 tuning=623 kp=4 ki=1 locked=0
time=44950000 state=3 error=4 tuning=623 kp=4 ki=1 locked=0
time=45050000 state=3 error=4 tuning=623 kp=4 ki=1 locked=0
time=45150000 state=4 error=3 tuning=624 kp=4 ki=1 locked=1
time=45250000 state=4 error=3 tuning=623 kp=4 ki=1 locked=1
time=45350000 state=4 error=3 tuning=624 kp=4 ki=1 locked=1
time=45450000 state=4 error=3 tuning=624 kp=4 ki=1 locked=1
time=45550000 state=4 error=3 tuning=624 kp=4 ki=1 locked=1
time=45650000 state=4 error=3 tuning=624 kp=4 ki=1 locked=1
time=45750000 state=4 error=3 tuning=624 kp=4 ki=1 locked=1
time=45850000 state=4 error=3 tuning=625 kp=4 ki=1 locked=1
time=45950000 state=4 error=2 tuning=625 kp=4 ki=1 locked=1
time=46050000 state=4 error=2 tuning=625 kp=4 ki=1 locked=1
time=46150000 state=4 error=2 tuning=625 kp=4 ki=1 locked=1
time=46250000 state=4 error=2 tuning=625 kp=4 ki=1 locked=1
time=46350000 state=4 error=2 tuning=625 kp=4 ki=1 locked=1
time=46450000 state=4 error=2 tuning=625 kp=4 ki=1 locked=1
time=46550000 state=4 error=2 tuning=625 kp=4 ki=1 locked=1
time=46650000 state=4 error=2 tuning=625 kp=4 ki=1 locked=1
time=46750000 state=4 error=1 tuning=626 kp=4 ki=1 locked=1
time=46850000 state=4 error=1 tuning=625 kp=4 ki=1 locked=1
time=46950000 state=4 error=1 tuning=625 kp=4 ki=1 locked=1
time=47050000 state=4 error=1 tuning=625 kp=4 ki=1 locked=1
time=47150000 state=4 error=1 tuning=626 kp=4 ki=1 locked=1
time=47250000 state=4 error=1 tuning=626 kp=4 ki=1 locked=1
time=47350000 state=4 error=1 tuning=626 kp=4 ki=1 locked=1
time=47430000 state=4 error=0 tuning=626 kp=4 ki=1 locked=1
time=47530000 state=4 error=0 tuning=625 kp=4 ki=1 locked=1
time=47630000 state=4 error=0 tuning=625 kp=4 ki=1 locked=1
time=47730000 state=4 error=0 tuning=625 kp=4 ki=1 locked=1
time=47830000 state=4 error=0 tuning=625 kp=4 ki=1 locked=1
time=47930000 state=4 error=0 tuning=625 kp=4 ki=1 locked=1
time=48030000 state=4 error=0 tuning=625 kp=4 ki=1 locked=1
time=48130000 state=4 error=-1 tuning=625 kp=4 ki=1 locked=1
time=48230000 state=4 error=-1 tuning=625 kp=4 ki=1 locked=1
time=48330000 state=4 error=-1 tuning=625 kp=4 ki=1 locked=1
time=48430000 state=4 error=-1 tuning=625 kp=4 ki=1 locked=1
time=48530000 state=4 error=-1 tuning=625 kp=4 ki=1 locked=1
time=48630000 state=4 error=-1 tuning=625 kp=4 ki=1 locked=1
time=48730000 state=4 error=-1 tuning=625 kp=4 ki=1 locked=1
time=48830000 state=4 error=-2 tuning=625 kp=4 ki=1 locked=1
time=48930000 state=4 error=-2 tuning=624 kp=4 ki=1 locked=1
time=49030000 state=4 error=-2 tuning=624 kp=4 ki=1 locked=1
time=49130000 state=4 error=-2 tuning=624 kp=4 ki=1 locked=1
time=49230000 state=4 error=-2 tuning=624 kp=4 ki=1 locked=1
time=49330000 state=4 error=-2 tuning=624 kp=4 ki=1 locked=1
time=49430000 state=4 error=-2 tuning=624 kp=4 ki=1 locked=1
time=49530000 state=4 error=-2 tuning=624 kp=4 ki=1 locked=1
time=49630000 state=4 error=-3 tuning=624 kp=4 ki=1 locked=1
time=49730000 state=4 error=-3 tuning=623 kp=4 ki=1 locked=1
time=49830000 state=4 error=-3 tuning=623 kp=4 ki=1 locked=1
time=49930000 state=4 error=-3 tuning=623 kp=4 ki=1 locked=1
time=50030000 state=4 error=-3 tuning=623 kp=4 ki=1 locked=1
time=50130000 state=4 error=-3 tuning=622 kp=4 ki=1 locked=1
time=50230000 state=4 error=-3 tuning=622 kp=4 ki=1 locked=1
time=50330000 state=4 error=-3 tuning=622 kp=4 ki=1 locked=1
time=50430000 state=4 error=-3 tuning=622 kp=4 ki=1 locked=1
time=50530000 state=4 error=-3 tuning=622 kp=4 ki=1 locked=1
time=50630000 state=4 error=-4 tuning=621 kp=4 ki=1 locked=1
time=50730000 state=4 error=-4 tuning=621 kp=4 ki=1 locked=1
time=50830000 state=4 error=-4 tuning=621 kp=4 ki=1 locked=1
time=50930000 state=4 error=-4 tuning=620 kp=4 ki=1 locked=1
time=51030000 state=4 error=-4 tuning=620 kp=4 ki=1 locked=1
time=51130000 state=4 error=-4 tuning=620 kp=4 ki=1 locked=1
time=51230000 state=4 error=-4 tuning=620 kp=4 ki=1 locked=1
time=51330000 state=4 error=-4 tuning=619 kp=4 ki=1 locked=1
time=51430000 state=4 error=-4 tuning=619 kp=4 ki=1 locked=1
time=51530000 state=4 error=-4 tuning=619 kp=4 ki=1 locked=1
time=51630000 state=4 error=-4 tuning=619 kp=4 ki=1 locked=1
time=51730000 state=4 error=-4 tuning=618 kp=4 ki=1 locked=1
time=51830000 state=4 error=-4 tuning=618 kp=4 ki=1 locked=1
time=51930000 state=4 error=-5 tuning=618 kp=4 ki=1 locked=1
time=52030000 state=4 error=-5 tuning=617 kp=4 ki=1 locked=1
time=52130000 state=4 error=-5 tuning=617 kp=4 ki=1 locked=1
time=52230000 state=4 error=-5 tuning=617 kp=4 ki=1 locked=1
time=52330000 state=4 error=-5 tuning=616 kp=4 ki=1 locked=1
time=52430000 state=4 error=-5 tuning=616 kp=4 ki=1 locked=1
time=52530000 state=4 error=-5 tuning=616 kp=4 ki=1 locked=1
time=52630000 state=4 error=-5 tuning=615 kp=4 ki=1 locked=1
time=52730000 state=4 error=-5 tuning=615 kp=4 ki=1 locked=1
time=52830000 state=4 error=-5 tuning=615 kp=4 ki=1 locked=1
time=52930000 state=4 error=-5 tuning=615 kp=4 ki=1 locked=1
time=53030000 state=4 error=-5 tuning=614 kp=4 ki=1 locked=1
time=53130000 state=4 error=-5 tuning=614 kp=4 ki=1 locked=1
time=53230000 state=4 error=-5 tuning=614 kp=4 ki=1 locked=1
time=53330000 state=4 error=-5 tuning=613 kp=4 ki=1 locked=1
time=53430000 state=4 error=-5 tuning=613 kp=4 ki=1 locked=1
time=53530000 state=4 error=-5 tuning=613 kp=4 ki=1 locked=1
time=53630000 state=4 error=-5 tuning=612 kp=4 ki=1 locked=1
time=53730000 state=4 error=-5 tuning=612 kp=4 ki=1 locked=1
time=53830000 state=4 error=-5 tuning=612 kp=4 ki=1 locked=1
time=53930000 state=4 error=-5 tuning=611 kp=4 ki=1 locked=1
time=54030000 state=4 error=-5 tuning=611 kp=4 ki=1 locked=1
time=54130000 state=4 error=-5 tuning=611 kp=4 ki=1 locked=1
time=54230000 state=4 error=-5 tuning=610 kp=4 ki=1 locked=1
time=54330000 state=4 error=-5 tuning=610 kp=4 ki=1 locked=1
time=54430000 state=4 error=-5 tuning=610 kp=4 ki=1 locked=1
time=54530000 state=4 error=-4 tuning=610 kp=4 ki=1 locked=1
time=54630000 state=4 error=-4 tuning=610 kp=4 ki=1 locked=1
time=54730000 state=4 error=-4 tuning=609 kp=4 ki=1 locked=1
time=54830000 state=4 error=-4 tuning=609 kp=4 ki=1 locked=1
time=54930000 state=4 error=-4 tuning=609 kp=4 ki=1 locked=1
time=55030000 state=4 error=-4 tuning=609 kp=4 ki=1 locked=1
time=55130000 state=4 error=-4 tuning=608 kp=4 ki=1 locked=1
time=55230000 state=4 error=-4 tuning=608 kp=4 ki=1 locked=1
time=55330000 state=4 error=-4 tuning=608 kp=4 ki=1 locked=1
time=55430000 state=4 error=-4 tuning=608 kp=4 ki=1 locked=1
time=55530000 state=4 error=-4 tuning=607 kp=4 ki=1 locked=1
time=55630000 state=4 error=-4 tuning=607 kp=4 ki=1 locked=1
time=55730000 state=4 error=-4 tuning=607 kp=4 ki=1 locked=1
time=55830000 state=4 error=-4 tuning=607 kp=4 ki=1 locked=1
time=55930000 state=4 error=-4 tuning=606 kp=4 ki=1 locked=1
time=56030000 state=4 error=-3 tuning=606 kp=4 ki=1 locked=1
time=56130000 state=4 error=-3 tuning=606 kp=4 ki=1 locked=1
time=56230000 state=4 error=-3 tuning=606 kp=4 ki=1 locked=1
time=56330000 state=4 error=-3 tuning=606 kp=4 ki=1 locked=1
time=56430000 state=4 error=-3 tuning=606 kp=4 ki=1 locked=1
time=56530000 state=4 error=-3 tuning=605 kp=4 ki=1 locked=1
time=56630000 state=4 error=-3 tuning=605 kp=4 ki=1 locked=1
time=56730000 state=4 error=-3 tuning=605 kp=4 ki=1 locked=1
time=56830000 state=4 error=-3 tuning=605 kp=4 ki=1 locked=1
time=56930000 state=4 error=-3 tuning=605 kp=4 ki=1 locked=1
time=57030000 state=4 error=-2 tuning=604 kp=4 ki=1 locked=1
time=57130000 state=4 error=-2 tuning=605 kp=4 ki=1 locked=1
time=57230000 state=4 error=-2 tuning=604 kp=4 ki=1 locked=1
time=57330000 state=4 error=-2 tuning=604 kp=4 ki=1 locked=1
time=57430000 state=4 error=-2 tuning=604 kp=4 ki=1 locked=1
time=57530000 state=4 error=-2 tuning=604 kp=4 ki=1 locked=1
time=57630000 state=4 error=-2 tuning=604 kp=4 ki=1 locked=1
time=57730000 state=4 error=-2 tuning=604 kp=4 ki=1 locked=1
time=57830000 state=4 error=-1 tuning=604 kp=4 ki=1 locked=1
time=57930000 state=4 error=-1 tuning=604 kp=4 ki=1 locked=1
time=58030000 state=4 error=-1 tuning=604 kp=4 ki=1 locked=1
time=58130000 state=4 error=-1 tuning=604 kp=4 ki=1 locked=1
time=58230000 state=4 error=-1 tuning=604 kp=4 ki=1 locked=1
time=58330000 state=4 error=-1 tuning=604 kp=4 ki=1 locked=1
time=58430000 state=4 error=-1 tuning=604 kp=4 ki=1 locked=1
time=58530000 state=4 error=-1 tuning=603 kp=4 ki=1 locked=1
time=58630000 state=4 error=-1 tuning=603 kp=4 ki=1 locked=1
time=58730000 state=4 error=0 tuning=603 kp=4 ki=1 locked=1
time=58830000 state=4 error=0 tuning=604 kp=4 ki=1 locked=1
time=58930000 state=4 error=0 tuning=604 kp=4 ki=1 locked=1
time=59030000 state=4 error=0 tuning=604 kp=4 ki=1 locked=1
time=59130000 state=4 error=0 tuning=604 kp=4 ki=1 locked=1
time=59230000 state=4 error=0 tuning=604 kp=4 ki=1 locked=1
time=59330000 state=4 error=0 tuning=604 kp=4 ki=1 locked=1
time=59430000 state=4 error=0 tuning=604 kp=4 ki=1 locked=1
time=59550000 state=4 error=1 tuning=604 kp=4 ki=1 locked=1
time=59650000 state=4 error=1 tuning=604 kp=4 ki=1 locked=1
time=59750000 state=4 error=1 tuning=604 kp=4 ki=1 locked=1
time=59850000 state=4 error=1 tuning=604 kp=4 ki=1 locked=1
time=59950000 state=4 error=1 tuning=604 kp=4 ki=1 locked=1
time=60050000 state=4 error=1 tuning=604 kp=4 ki=1 locked=1
time=60150000 state=4 error=1 tuning=604 kp=4 ki=1 locked=1
time=60250000 state=4 error=1 tuning=604 kp=4 ki=1 locked=1
time=60350000 state=4 error=2 tuning=604 kp=4 ki=1 locked=1
time=60450000 state=4 error=2 tuning=605 kp=4 ki=1 locked=1
time=60550000 state=4 error=2 tuning=605 kp=4 ki=1 locked=1
time=60650000 state=4 error=2 tuning=605 kp=4 ki=1 locked=1
time=60750000 state=4 error=2 tuning=605 kp=4 ki=1 locked=1
time=60850000 state=4 error=2 tuning=605 kp=4 ki=1 locked=1
time=60950000 state=4 error=2 tuning=605 kp=4 ki=1 locked=1
time=61050000 state=4 error=2 tuning=605 kp=4 ki=1 locked=1
time=61150000 state=4 error=2 tuning=606 kp=4 ki=1 locked=1
time=61250000 state=4 error=3 tuning=606 kp=4 ki=1 locked=1
time=61350000 state=4 error=3 tuning=606 kp=4 ki=1 locked=1
time=61450000 state=4 error=3 tuning=606 kp=4 ki=1 locked=1
time=61550000 state=4 error=3 tuning=607 kp=4 ki=1 locked=1
time=61650000 state=4 error=3 tuning=607 kp=4 ki=1 locked=1
time=61750000 state=4 error=3 tuning=607 kp=4 ki=1 locked=1
time=61850000 state=4 error=3 tuning=607 kp=4 ki=1 locked=1
time=61950000 state=4 error=3 tuning=607 kp=4 ki=1 locked=1
time=62050000 state=4 error=3 tuning=607 kp=4 ki=1 locked=1
time=62150000 state=4 error=3 tuning=608 kp=4 ki=1 locked=1
time=62250000 state=4 error=3 tuning=608 kp=4 ki=1 locked=1
time=62350000 state=4 error=3 tuning=608 kp=4 ki=1 locked=1
time=62450000 state=4 error=4 tuning=608 kp=4 ki=1 locked=1
time=62550000 state=4 error=4 tuning=609 kp=4 ki=1 locked=1
time=62650000 state=4 error=4 tuning=609 kp=4 ki=1 locked=1
time=62750000 state=4 error=4 tuning=609 kp=4 ki=1 locked=1
time=62850000 state=4 error=4 tuning=609 kp=4 ki=1 locked=1
time=62950000 state=4 error=4 tuning=610 kp=4 ki=1 locked=1
time=63050000 state=4 error=4 tuning=610 kp=4 ki=1 locked=1
time=63150000 state=4 error=4 tuning=610 kp=4 ki=1 locked=1
time=63250000 state=4 error=4 tuning=610 kp=4 ki=1 locked=1
time=63350000 state=4 error=4 tuning=611 kp=4 ki=1 locked=1
time=63450000 state=4 error=4 tuning=611 kp=4 ki=1 locked=1
time=63550000 state=4 error=4 tuning=611 kp=4 ki=1 locked=1
time=63650000 state=4 error=4 tuning=611 kp=4 ki=1 locked=1
time=63750000 state=4 error=4 tuning=612 kp=4 ki=1 locked=1
time=63850000 state=4 error=4 tuning=612 kp=4 ki=1 locked=1
time=63950000 state=4 error=4 tuning=612 kp=4 ki=1 locked=1
time=64050000 state=4 error=4 tuning=612 kp=4 ki=1 locked=1
time=64150000 state=4 error=4 tuning=613 kp=4 ki=1 locked=1
time=64250000 state=4 error=4 tuning=613 kp=4 ki=1 locked=1
time=64350000 state=4 error=4 tuning=613 kp=4 ki=1 locked=1
time=64450000 state=4 error=4 tuning=613 kp=4 ki=1 locked=1
time=64550000 state=4 error=4 tuning=614 kp=4 ki=1 locked=1
time=64650000 state=4 error=4 tuning=614 kp=4 ki=1 locked=1
time=64750000 state=4 error=4 tuning=614 kp=4 ki=1 locked=1
time=64850000 state=4 error=4 tuning=614 kp=4 ki=1 locked=1
time=64950000 state=4 error=4 tuning=615 kp=4 ki=1 locked=1
time=65050000 state=4 error=4 tuning=615 kp=4 ki=1 locked=1

============================================
PASS: INITIAL SUSTAINED PLL LOCK
Stable lock began at    = 45071.00 ns
Stable lock confirmed at= 65051.00 ns
Continuous lock window  = 1000 ctrl cycles
Tuning word             = 615
Phase error             = 4
FSM state               = 4
============================================


============================================
APPLYING REFERENCE FREQUENCY STEP
10 MHz -> approximately 11 MHz
New VCO target approximately 44 MHz
Step applied at 65051.00 ns
============================================

time=65150000 state=4 error=4 tuning=615 kp=4 ki=1 locked=1
time=65250000 state=4 error=5 tuning=615 kp=4 ki=1 locked=1
time=65350000 state=4 error=7 tuning=616 kp=4 ki=1 locked=1
time=65450000 state=4 error=9 tuning=617 kp=4 ki=1 locked=1
time=65550000 state=4 error=10 tuning=618 kp=4 ki=1 locked=1
time=65650000 state=4 error=12 tuning=619 kp=4 ki=1 locked=1
time=65750000 state=4 error=14 tuning=620 kp=4 ki=1 locked=1
time=65850000 state=4 error=16 tuning=622 kp=4 ki=1 locked=1
time=65950000 state=4 error=18 tuning=623 kp=4 ki=1 locked=1
time=66050000 state=4 error=19 tuning=625 kp=4 ki=1 locked=1
Lock loss detected at time 66051.00 ns
time=66150000 state=5 error=3 tuning=626 kp=0 ki=0 locked=0
time=66250000 state=5 error=4 tuning=626 kp=0 ki=0 locked=0
time=66350000 state=5 error=6 tuning=626 kp=0 ki=0 locked=0
time=66450000 state=5 error=8 tuning=626 kp=0 ki=0 locked=0
time=66550000 state=5 error=9 tuning=626 kp=0 ki=0 locked=0
time=66650000 state=5 error=11 tuning=626 kp=0 ki=0 locked=0
time=66750000 state=5 error=13 tuning=626 kp=0 ki=0 locked=0
time=66850000 state=5 error=15 tuning=626 kp=0 ki=0 locked=0
time=66950000 state=5 error=16 tuning=626 kp=0 ki=0 locked=0
time=67050000 state=5 error=17 tuning=626 kp=0 ki=0 locked=0
time=67150000 state=5 error=19 tuning=626 kp=0 ki=0 locked=0
time=67250000 state=5 error=3 tuning=626 kp=0 ki=0 locked=0
time=67350000 state=5 error=5 tuning=626 kp=0 ki=0 locked=0
time=67450000 state=5 error=7 tuning=626 kp=0 ki=0 locked=0
time=67550000 state=5 error=8 tuning=626 kp=0 ki=0 locked=0
time=67650000 state=5 error=9 tuning=626 kp=0 ki=0 locked=0
time=67750000 state=5 error=11 tuning=626 kp=0 ki=0 locked=0
time=67850000 state=5 error=13 tuning=626 kp=0 ki=0 locked=0
time=67950000 state=5 error=15 tuning=626 kp=0 ki=0 locked=0
time=68050000 state=5 error=16 tuning=626 kp=0 ki=0 locked=0
time=68150000 state=5 error=18 tuning=626 kp=0 ki=0 locked=0
time=68230000 state=5 error=1 tuning=626 kp=0 ki=0 locked=0
time=68330000 state=5 error=3 tuning=626 kp=0 ki=0 locked=0
time=68430000 state=5 error=5 tuning=626 kp=0 ki=0 locked=0
time=68530000 state=5 error=6 tuning=626 kp=0 ki=0 locked=0
time=68630000 state=5 error=8 tuning=626 kp=0 ki=0 locked=0
time=68730000 state=5 error=10 tuning=626 kp=0 ki=0 locked=0
time=68830000 state=5 error=12 tuning=626 kp=0 ki=0 locked=0
time=68930000 state=5 error=13 tuning=626 kp=0 ki=0 locked=0
time=69030000 state=5 error=14 tuning=626 kp=0 ki=0 locked=0
time=69130000 state=5 error=16 tuning=626 kp=0 ki=0 locked=0
time=69230000 state=5 error=18 tuning=626 kp=0 ki=0 locked=0
time=69330000 state=5 error=2 tuning=626 kp=0 ki=0 locked=0
time=69430000 state=5 error=4 tuning=626 kp=0 ki=0 locked=0
time=69530000 state=5 error=5 tuning=626 kp=0 ki=0 locked=0
time=69630000 state=5 error=6 tuning=626 kp=0 ki=0 locked=0
time=69730000 state=5 error=8 tuning=626 kp=0 ki=0 locked=0
time=69830000 state=5 error=10 tuning=626 kp=0 ki=0 locked=0
time=69930000 state=5 error=12 tuning=626 kp=0 ki=0 locked=0
time=70030000 state=5 error=13 tuning=626 kp=0 ki=0 locked=0
time=70130000 state=5 error=15 tuning=626 kp=0 ki=0 locked=0
time=70230000 state=5 error=17 tuning=626 kp=0 ki=0 locked=0
time=70330000 state=5 error=18 tuning=706 kp=0 ki=0 locked=0
time=70430000 state=5 error=2 tuning=706 kp=0 ki=0 locked=0
time=70510000 state=5 error=2 tuning=706 kp=0 ki=0 locked=0
time=70610000 state=5 error=3 tuning=706 kp=0 ki=0 locked=0
time=70710000 state=5 error=3 tuning=706 kp=0 ki=0 locked=0
time=70790000 state=5 error=4 tuning=706 kp=0 ki=0 locked=0
time=70890000 state=5 error=5 tuning=706 kp=0 ki=0 locked=0
time=70990000 state=5 error=5 tuning=706 kp=0 ki=0 locked=0
time=71090000 state=5 error=6 tuning=706 kp=0 ki=0 locked=0
time=71170000 state=5 error=7 tuning=706 kp=0 ki=0 locked=0
time=71270000 state=5 error=8 tuning=706 kp=0 ki=0 locked=0
time=71370000 state=5 error=9 tuning=706 kp=0 ki=0 locked=0
time=71470000 state=5 error=10 tuning=706 kp=0 ki=0 locked=0
time=71550000 state=5 error=10 tuning=706 kp=0 ki=0 locked=0
time=71650000 state=5 error=11 tuning=706 kp=0 ki=0 locked=0
time=71750000 state=5 error=12 tuning=706 kp=0 ki=0 locked=0
time=71850000 state=5 error=13 tuning=706 kp=0 ki=0 locked=0
time=71930000 state=5 error=14 tuning=706 kp=0 ki=0 locked=0
time=72030000 state=5 error=14 tuning=706 kp=0 ki=0 locked=0
time=72130000 state=5 error=14 tuning=706 kp=0 ki=0 locked=0
time=72210000 state=5 error=15 tuning=706 kp=0 ki=0 locked=0
time=72310000 state=5 error=16 tuning=706 kp=0 ki=0 locked=0
time=72410000 state=5 error=17 tuning=706 kp=0 ki=0 locked=0
time=72510000 state=5 error=18 tuning=706 kp=0 ki=0 locked=0
time=72590000 state=5 error=18 tuning=706 kp=0 ki=0 locked=0
time=72690000 state=5 error=1 tuning=706 kp=0 ki=0 locked=0
time=72790000 state=5 error=2 tuning=706 kp=0 ki=0 locked=0
time=72890000 state=5 error=3 tuning=706 kp=0 ki=0 locked=0
time=72970000 state=5 error=3 tuning=706 kp=0 ki=0 locked=0
time=73070000 state=5 error=4 tuning=706 kp=0 ki=0 locked=0
time=73170000 state=5 error=5 tuning=706 kp=0 ki=0 locked=0
time=73270000 state=5 error=6 tuning=706 kp=0 ki=0 locked=0
time=73350000 state=5 error=7 tuning=706 kp=0 ki=0 locked=0
time=73450000 state=5 error=8 tuning=706 kp=0 ki=0 locked=0
time=73550000 state=5 error=7 tuning=706 kp=0 ki=0 locked=0
time=73630000 state=5 error=8 tuning=706 kp=0 ki=0 locked=0
time=73730000 state=5 error=9 tuning=706 kp=0 ki=0 locked=0
time=73830000 state=5 error=10 tuning=706 kp=0 ki=0 locked=0
time=73930000 state=5 error=11 tuning=706 kp=0 ki=0 locked=0
time=74010000 state=5 error=11 tuning=706 kp=0 ki=0 locked=0
time=74110000 state=5 error=12 tuning=706 kp=0 ki=0 locked=0
time=74210000 state=5 error=13 tuning=706 kp=0 ki=0 locked=0
time=74310000 state=5 error=14 tuning=706 kp=0 ki=0 locked=0
time=74390000 state=5 error=15 tuning=706 kp=0 ki=0 locked=0
time=74490000 state=5 error=16 tuning=706 kp=0 ki=0 locked=0
time=74590000 state=5 error=16 tuning=706 kp=0 ki=0 locked=0
time=74690000 state=5 error=17 tuning=706 kp=0 ki=0 locked=0
time=74770000 state=5 error=18 tuning=706 kp=0 ki=0 locked=0
time=74870000 state=5 error=1 tuning=706 kp=0 ki=0 locked=0
time=74970000 state=5 error=0 tuning=706 kp=0 ki=0 locked=0
time=75050000 state=5 error=1 tuning=706 kp=0 ki=0 locked=0
time=75150000 state=5 error=2 tuning=706 kp=0 ki=0 locked=0
time=75250000 state=5 error=3 tuning=706 kp=0 ki=0 locked=0
time=75350000 state=5 error=4 tuning=706 kp=0 ki=0 locked=0
time=75430000 state=5 error=5 tuning=706 kp=0 ki=0 locked=0
time=75530000 state=5 error=5 tuning=706 kp=0 ki=0 locked=0
time=75630000 state=5 error=6 tuning=706 kp=0 ki=0 locked=0
time=75730000 state=5 error=7 tuning=706 kp=0 ki=0 locked=0
time=75810000 state=5 error=8 tuning=706 kp=0 ki=0 locked=0
time=75910000 state=5 error=9 tuning=706 kp=0 ki=0 locked=0
time=76010000 state=5 error=9 tuning=706 kp=0 ki=0 locked=0
time=76110000 state=5 error=10 tuning=706 kp=0 ki=0 locked=0
time=76190000 state=5 error=11 tuning=706 kp=0 ki=0 locked=0
time=76290000 state=5 error=12 tuning=706 kp=0 ki=0 locked=0
time=76390000 state=5 error=12 tuning=706 kp=0 ki=0 locked=0
time=76470000 state=5 error=13 tuning=706 kp=0 ki=0 locked=0
time=76570000 state=5 error=13 tuning=706 kp=0 ki=0 locked=0
time=76670000 state=5 error=14 tuning=706 kp=0 ki=0 locked=0
time=76770000 state=5 error=15 tuning=706 kp=0 ki=0 locked=0
time=76850000 state=5 error=16 tuning=706 kp=0 ki=0 locked=0
time=76950000 state=5 error=17 tuning=706 kp=0 ki=0 locked=0
time=77050000 state=5 error=17 tuning=706 kp=0 ki=0 locked=0
time=77150000 state=5 error=18 tuning=706 kp=0 ki=0 locked=0
time=77230000 state=5 error=1 tuning=706 kp=0 ki=0 locked=0
time=77330000 state=5 error=2 tuning=706 kp=0 ki=0 locked=0
time=77430000 state=5 error=3 tuning=706 kp=0 ki=0 locked=0
time=77530000 state=5 error=3 tuning=706 kp=0 ki=0 locked=0
time=77610000 state=5 error=4 tuning=706 kp=0 ki=0 locked=0
time=77710000 state=5 error=4 tuning=706 kp=0 ki=0 locked=0
time=77810000 state=5 error=5 tuning=706 kp=0 ki=0 locked=0
time=77890000 state=5 error=6 tuning=706 kp=0 ki=0 locked=0
time=77990000 state=5 error=6 tuning=706 kp=0 ki=0 locked=0
time=78090000 state=5 error=7 tuning=706 kp=0 ki=0 locked=0
time=78190000 state=5 error=8 tuning=706 kp=0 ki=0 locked=0
time=78270000 state=5 error=9 tuning=706 kp=0 ki=0 locked=0
time=78370000 state=5 error=10 tuning=706 kp=0 ki=0 locked=0
time=78470000 state=5 error=11 tuning=706 kp=0 ki=0 locked=0
time=78570000 state=5 error=11 tuning=706 kp=0 ki=0 locked=0
time=78650000 state=5 error=12 tuning=706 kp=0 ki=0 locked=0
time=78750000 state=5 error=13 tuning=706 kp=0 ki=0 locked=0
time=78850000 state=5 error=14 tuning=706 kp=0 ki=0 locked=0
time=78950000 state=5 error=15 tuning=706 kp=0 ki=0 locked=0
time=79030000 state=5 error=15 tuning=706 kp=0 ki=0 locked=0
time=79130000 state=5 error=15 tuning=706 kp=0 ki=0 locked=0
time=79230000 state=5 error=16 tuning=706 kp=0 ki=0 locked=0
time=79310000 state=5 error=17 tuning=706 kp=0 ki=0 locked=0
time=79410000 state=5 error=18 tuning=706 kp=0 ki=0 locked=0
time=79510000 state=5 error=0 tuning=706 kp=0 ki=0 locked=0
time=79610000 state=5 error=1 tuning=706 kp=0 ki=0 locked=0
time=79690000 state=5 error=2 tuning=706 kp=0 ki=0 locked=0
time=79790000 state=5 error=3 tuning=706 kp=0 ki=0 locked=0
time=79890000 state=5 error=4 tuning=706 kp=0 ki=0 locked=0
time=79990000 state=5 error=4 tuning=706 kp=0 ki=0 locked=0
time=80070000 state=5 error=5 tuning=706 kp=0 ki=0 locked=0
time=80170000 state=5 error=6 tuning=706 kp=0 ki=0 locked=0
time=80270000 state=5 error=7 tuning=706 kp=0 ki=0 locked=0
time=80370000 state=5 error=8 tuning=770 kp=0 ki=0 locked=0
time=80450000 state=5 error=8 tuning=770 kp=0 ki=0 locked=0
time=80550000 state=5 error=7 tuning=770 kp=0 ki=0 locked=0
time=80630000 state=5 error=7 tuning=770 kp=0 ki=0 locked=0
time=80730000 state=5 error=8 tuning=770 kp=0 ki=0 locked=0
time=80810000 state=5 error=8 tuning=770 kp=0 ki=0 locked=0
time=80910000 state=5 error=8 tuning=770 kp=0 ki=0 locked=0
time=80990000 state=5 error=7 tuning=770 kp=0 ki=0 locked=0
time=81090000 state=5 error=8 tuning=770 kp=0 ki=0 locked=0
time=81190000 state=5 error=8 tuning=770 kp=0 ki=0 locked=0
time=81270000 state=5 error=8 tuning=770 kp=0 ki=0 locked=0
time=81370000 state=5 error=8 tuning=770 kp=0 ki=0 locked=0
time=81450000 state=5 error=9 tuning=770 kp=0 ki=0 locked=0
time=81550000 state=5 error=8 tuning=770 kp=0 ki=0 locked=0
time=81630000 state=5 error=8 tuning=770 kp=0 ki=0 locked=0
time=81730000 state=5 error=8 tuning=770 kp=0 ki=0 locked=0
time=81830000 state=5 error=9 tuning=770 kp=0 ki=0 locked=0
time=81910000 state=5 error=9 tuning=770 kp=0 ki=0 locked=0
time=82010000 state=5 error=8 tuning=770 kp=0 ki=0 locked=0
time=82090000 state=5 error=9 tuning=770 kp=0 ki=0 locked=0
time=82190000 state=5 error=9 tuning=770 kp=0 ki=0 locked=0
time=82270000 state=5 error=9 tuning=770 kp=0 ki=0 locked=0
time=82370000 state=5 error=9 tuning=770 kp=0 ki=0 locked=0
time=82470000 state=5 error=10 tuning=770 kp=0 ki=0 locked=0
time=82550000 state=5 error=9 tuning=770 kp=0 ki=0 locked=0
time=82650000 state=5 error=9 tuning=770 kp=0 ki=0 locked=0
time=82730000 state=5 error=9 tuning=770 kp=0 ki=0 locked=0
time=82830000 state=5 error=10 tuning=770 kp=0 ki=0 locked=0
time=82910000 state=5 error=10 tuning=770 kp=0 ki=0 locked=0
time=83010000 state=5 error=9 tuning=770 kp=0 ki=0 locked=0
time=83090000 state=5 error=9 tuning=770 kp=0 ki=0 locked=0
time=83190000 state=5 error=10 tuning=770 kp=0 ki=0 locked=0
time=83290000 state=5 error=10 tuning=770 kp=0 ki=0 locked=0
time=83370000 state=5 error=10 tuning=770 kp=0 ki=0 locked=0
time=83470000 state=5 error=10 tuning=770 kp=0 ki=0 locked=0
time=83550000 state=5 error=10 tuning=770 kp=0 ki=0 locked=0
time=83650000 state=5 error=10 tuning=770 kp=0 ki=0 locked=0
time=83730000 state=5 error=10 tuning=770 kp=0 ki=0 locked=0
time=83830000 state=5 error=10 tuning=770 kp=0 ki=0 locked=0
time=83930000 state=5 error=11 tuning=770 kp=0 ki=0 locked=0
time=84010000 state=5 error=10 tuning=770 kp=0 ki=0 locked=0
time=84110000 state=5 error=10 tuning=770 kp=0 ki=0 locked=0
time=84190000 state=5 error=10 tuning=770 kp=0 ki=0 locked=0
time=84290000 state=5 error=11 tuning=770 kp=0 ki=0 locked=0
time=84370000 state=5 error=11 tuning=770 kp=0 ki=0 locked=0
time=84470000 state=5 error=11 tuning=770 kp=0 ki=0 locked=0
time=84550000 state=5 error=10 tuning=770 kp=0 ki=0 locked=0
time=84650000 state=5 error=11 tuning=770 kp=0 ki=0 locked=0
time=84750000 state=5 error=11 tuning=770 kp=0 ki=0 locked=0
time=84830000 state=5 error=11 tuning=770 kp=0 ki=0 locked=0
time=84930000 state=5 error=11 tuning=770 kp=0 ki=0 locked=0
time=85010000 state=5 error=11 tuning=770 kp=0 ki=0 locked=0
time=85110000 state=5 error=11 tuning=770 kp=0 ki=0 locked=0
time=85190000 state=5 error=11 tuning=770 kp=0 ki=0 locked=0
time=85290000 state=5 error=12 tuning=770 kp=0 ki=0 locked=0
time=85390000 state=5 error=12 tuning=770 kp=0 ki=0 locked=0
time=85470000 state=5 error=12 tuning=770 kp=0 ki=0 locked=0
time=85570000 state=5 error=11 tuning=770 kp=0 ki=0 locked=0
time=85650000 state=5 error=12 tuning=770 kp=0 ki=0 locked=0
time=85750000 state=5 error=12 tuning=770 kp=0 ki=0 locked=0
time=85830000 state=5 error=12 tuning=770 kp=0 ki=0 locked=0
time=85930000 state=5 error=12 tuning=770 kp=0 ki=0 locked=0
time=86030000 state=5 error=12 tuning=770 kp=0 ki=0 locked=0
time=86110000 state=5 error=12 tuning=770 kp=0 ki=0 locked=0
time=86210000 state=5 error=12 tuning=770 kp=0 ki=0 locked=0
time=86290000 state=5 error=12 tuning=770 kp=0 ki=0 locked=0
time=86390000 state=5 error=13 tuning=770 kp=0 ki=0 locked=0
time=86470000 state=5 error=13 tuning=770 kp=0 ki=0 locked=0
time=86570000 state=5 error=12 tuning=770 kp=0 ki=0 locked=0
time=86650000 state=5 error=12 tuning=770 kp=0 ki=0 locked=0
time=86750000 state=5 error=13 tuning=770 kp=0 ki=0 locked=0
time=86850000 state=5 error=13 tuning=770 kp=0 ki=0 locked=0
time=86930000 state=5 error=13 tuning=770 kp=0 ki=0 locked=0
time=87030000 state=5 error=12 tuning=770 kp=0 ki=0 locked=0
time=87110000 state=5 error=13 tuning=770 kp=0 ki=0 locked=0
time=87210000 state=5 error=13 tuning=770 kp=0 ki=0 locked=0
time=87290000 state=5 error=13 tuning=770 kp=0 ki=0 locked=0
time=87390000 state=5 error=13 tuning=770 kp=0 ki=0 locked=0
time=87490000 state=5 error=14 tuning=770 kp=0 ki=0 locked=0
time=87570000 state=5 error=13 tuning=770 kp=0 ki=0 locked=0
time=87670000 state=5 error=13 tuning=770 kp=0 ki=0 locked=0
time=87750000 state=5 error=13 tuning=770 kp=0 ki=0 locked=0
time=87850000 state=5 error=14 tuning=770 kp=0 ki=0 locked=0
time=87930000 state=5 error=14 tuning=770 kp=0 ki=0 locked=0
time=88030000 state=5 error=13 tuning=770 kp=0 ki=0 locked=0
time=88130000 state=5 error=14 tuning=770 kp=0 ki=0 locked=0
time=88210000 state=5 error=14 tuning=770 kp=0 ki=0 locked=0
time=88310000 state=5 error=14 tuning=770 kp=0 ki=0 locked=0
time=88390000 state=5 error=14 tuning=770 kp=0 ki=0 locked=0
time=88490000 state=5 error=14 tuning=770 kp=0 ki=0 locked=0
time=88570000 state=5 error=14 tuning=770 kp=0 ki=0 locked=0
time=88670000 state=5 error=14 tuning=770 kp=0 ki=0 locked=0
time=88750000 state=5 error=14 tuning=770 kp=0 ki=0 locked=0
time=88850000 state=5 error=15 tuning=770 kp=0 ki=0 locked=0
time=88950000 state=5 error=15 tuning=770 kp=0 ki=0 locked=0
time=89030000 state=5 error=14 tuning=770 kp=0 ki=0 locked=0
time=89130000 state=5 error=14 tuning=770 kp=0 ki=0 locked=0
time=89210000 state=5 error=15 tuning=770 kp=0 ki=0 locked=0
time=89310000 state=5 error=15 tuning=770 kp=0 ki=0 locked=0
time=89390000 state=5 error=15 tuning=770 kp=0 ki=0 locked=0
time=89490000 state=5 error=14 tuning=770 kp=0 ki=0 locked=0
time=89590000 state=5 error=15 tuning=770 kp=0 ki=0 locked=0
time=89670000 state=5 error=15 tuning=770 kp=0 ki=0 locked=0
time=89770000 state=5 error=15 tuning=770 kp=0 ki=0 locked=0
time=89850000 state=5 error=15 tuning=770 kp=0 ki=0 locked=0
time=89950000 state=5 error=16 tuning=770 kp=0 ki=0 locked=0
time=90030000 state=5 error=15 tuning=770 kp=0 ki=0 locked=0
time=90130000 state=5 error=15 tuning=770 kp=0 ki=0 locked=0
time=90210000 state=5 error=15 tuning=770 kp=0 ki=0 locked=0
time=90310000 state=5 error=16 tuning=770 kp=0 ki=0 locked=0
time=90410000 state=5 error=16 tuning=770 kp=0 ki=0 locked=0
time=90490000 state=5 error=15 tuning=770 kp=0 ki=0 locked=0
time=90590000 state=5 error=15 tuning=770 kp=0 ki=0 locked=0
time=90670000 state=5 error=16 tuning=770 kp=0 ki=0 locked=0
time=90770000 state=5 error=16 tuning=770 kp=0 ki=0 locked=0
time=90850000 state=5 error=16 tuning=770 kp=0 ki=0 locked=0
time=90950000 state=5 error=16 tuning=770 kp=0 ki=0 locked=0
time=91050000 state=5 error=16 tuning=770 kp=0 ki=0 locked=0
time=91130000 state=5 error=16 tuning=770 kp=0 ki=0 locked=0
time=91230000 state=5 error=16 tuning=770 kp=0 ki=0 locked=0
time=91310000 state=5 error=17 tuning=770 kp=0 ki=0 locked=0
time=91410000 state=5 error=17 tuning=770 kp=0 ki=0 locked=0
time=91490000 state=5 error=16 tuning=770 kp=0 ki=0 locked=0
time=91590000 state=5 error=16 tuning=770 kp=0 ki=0 locked=0
time=91690000 state=5 error=17 tuning=770 kp=0 ki=0 locked=0
time=91770000 state=5 error=17 tuning=770 kp=0 ki=0 locked=0
time=91870000 state=5 error=17 tuning=770 kp=0 ki=0 locked=0
time=91950000 state=5 error=17 tuning=770 kp=0 ki=0 locked=0
time=92050000 state=5 error=17 tuning=770 kp=0 ki=0 locked=0
time=92130000 state=5 error=17 tuning=770 kp=0 ki=0 locked=0
time=92230000 state=5 error=17 tuning=770 kp=0 ki=0 locked=0
time=92310000 state=5 error=17 tuning=770 kp=0 ki=0 locked=0
time=92410000 state=5 error=18 tuning=770 kp=0 ki=0 locked=0
time=92510000 state=5 error=17 tuning=770 kp=0 ki=0 locked=0
time=92590000 state=5 error=17 tuning=770 kp=0 ki=0 locked=0
time=92690000 state=5 error=17 tuning=770 kp=0 ki=0 locked=0
time=92770000 state=5 error=18 tuning=770 kp=0 ki=0 locked=0
time=92870000 state=5 error=0 tuning=770 kp=0 ki=0 locked=0
time=92970000 state=5 error=-1 tuning=770 kp=0 ki=0 locked=0
time=93050000 state=5 error=-1 tuning=770 kp=0 ki=0 locked=0
time=93150000 state=5 error=0 tuning=770 kp=0 ki=0 locked=0
time=93230000 state=5 error=0 tuning=770 kp=0 ki=0 locked=0
time=93330000 state=5 error=0 tuning=770 kp=0 ki=0 locked=0
time=93410000 state=5 error=-1 tuning=770 kp=0 ki=0 locked=0
time=93510000 state=5 error=0 tuning=770 kp=0 ki=0 locked=0
time=93590000 state=5 error=0 tuning=770 kp=0 ki=0 locked=0
time=93690000 state=5 error=0 tuning=770 kp=0 ki=0 locked=0
time=93770000 state=5 error=0 tuning=770 kp=0 ki=0 locked=0
time=93870000 state=5 error=1 tuning=770 kp=0 ki=0 locked=0
time=93970000 state=5 error=0 tuning=770 kp=0 ki=0 locked=0
time=94050000 state=5 error=0 tuning=770 kp=0 ki=0 locked=0
time=94150000 state=5 error=1 tuning=770 kp=0 ki=0 locked=0
time=94230000 state=5 error=1 tuning=770 kp=0 ki=0 locked=0
time=94330000 state=5 error=1 tuning=770 kp=0 ki=0 locked=0
time=94410000 state=5 error=0 tuning=770 kp=0 ki=0 locked=0
time=94510000 state=5 error=1 tuning=770 kp=0 ki=0 locked=0
time=94610000 state=5 error=1 tuning=770 kp=0 ki=0 locked=0
time=94690000 state=5 error=1 tuning=770 kp=0 ki=0 locked=0
time=94790000 state=5 error=1 tuning=770 kp=0 ki=0 locked=0
time=94870000 state=5 error=2 tuning=770 kp=0 ki=0 locked=0
time=94970000 state=5 error=1 tuning=770 kp=0 ki=0 locked=0
time=95050000 state=5 error=1 tuning=770 kp=0 ki=0 locked=0
time=95150000 state=5 error=1 tuning=770 kp=0 ki=0 locked=0
time=95250000 state=5 error=2 tuning=770 kp=0 ki=0 locked=0
time=95330000 state=5 error=2 tuning=770 kp=0 ki=0 locked=0
time=95430000 state=5 error=1 tuning=770 kp=0 ki=0 locked=0
time=95510000 state=5 error=1 tuning=770 kp=0 ki=0 locked=0
time=95610000 state=5 error=2 tuning=770 kp=0 ki=0 locked=0
time=95690000 state=5 error=2 tuning=770 kp=0 ki=0 locked=0
time=95790000 state=5 error=2 tuning=770 kp=0 ki=0 locked=0
time=95870000 state=5 error=2 tuning=770 kp=0 ki=0 locked=0
time=95970000 state=5 error=2 tuning=770 kp=0 ki=0 locked=0
time=96070000 state=5 error=2 tuning=770 kp=0 ki=0 locked=0
time=96150000 state=5 error=2 tuning=770 kp=0 ki=0 locked=0
time=96250000 state=5 error=2 tuning=770 kp=0 ki=0 locked=0
time=96330000 state=5 error=3 tuning=770 kp=0 ki=0 locked=0
time=96430000 state=5 error=2 tuning=770 kp=0 ki=0 locked=0
time=96510000 state=5 error=2 tuning=770 kp=0 ki=0 locked=0
time=96610000 state=5 error=2 tuning=770 kp=0 ki=0 locked=0
time=96710000 state=5 error=3 tuning=770 kp=0 ki=0 locked=0
time=96790000 state=5 error=3 tuning=770 kp=0 ki=0 locked=0
time=96890000 state=5 error=3 tuning=770 kp=0 ki=0 locked=0
time=96970000 state=5 error=2 tuning=770 kp=0 ki=0 locked=0
time=97070000 state=5 error=3 tuning=770 kp=0 ki=0 locked=0
time=97150000 state=5 error=3 tuning=770 kp=0 ki=0 locked=0
time=97250000 state=5 error=3 tuning=770 kp=0 ki=0 locked=0
time=97350000 state=5 error=4 tuning=770 kp=0 ki=0 locked=0
time=97430000 state=5 error=3 tuning=770 kp=0 ki=0 locked=0
time=97530000 state=5 error=3 tuning=770 kp=0 ki=0 locked=0
time=97610000 state=5 error=3 tuning=770 kp=0 ki=0 locked=0
time=97710000 state=5 error=4 tuning=770 kp=0 ki=0 locked=0
time=97790000 state=5 error=4 tuning=770 kp=0 ki=0 locked=0
time=97890000 state=5 error=4 tuning=770 kp=0 ki=0 locked=0
time=97970000 state=5 error=3 tuning=770 kp=0 ki=0 locked=0
time=98070000 state=5 error=4 tuning=770 kp=0 ki=0 locked=0
time=98170000 state=5 error=4 tuning=770 kp=0 ki=0 locked=0
time=98250000 state=5 error=4 tuning=770 kp=0 ki=0 locked=0
time=98350000 state=5 error=4 tuning=770 kp=0 ki=0 locked=0
time=98430000 state=5 error=4 tuning=770 kp=0 ki=0 locked=0
time=98530000 state=5 error=4 tuning=770 kp=0 ki=0 locked=0
time=98610000 state=5 error=4 tuning=770 kp=0 ki=0 locked=0
time=98710000 state=5 error=4 tuning=770 kp=0 ki=0 locked=0
time=98810000 state=5 error=5 tuning=770 kp=0 ki=0 locked=0
time=98890000 state=5 error=5 tuning=770 kp=0 ki=0 locked=0
time=98990000 state=5 error=4 tuning=770 kp=0 ki=0 locked=0
time=99070000 state=5 error=4 tuning=770 kp=0 ki=0 locked=0
time=99170000 state=5 error=5 tuning=770 kp=0 ki=0 locked=0
time=99250000 state=5 error=5 tuning=770 kp=0 ki=0 locked=0
time=99350000 state=5 error=5 tuning=770 kp=0 ki=0 locked=0
time=99430000 state=5 error=4 tuning=770 kp=0 ki=0 locked=0
time=99530000 state=5 error=5 tuning=770 kp=0 ki=0 locked=0
time=99630000 state=5 error=5 tuning=770 kp=0 ki=0 locked=0
time=99710000 state=5 error=5 tuning=770 kp=0 ki=0 locked=0
time=99810000 state=5 error=5 tuning=770 kp=0 ki=0 locked=0
time=99890000 state=5 error=6 tuning=770 kp=0 ki=0 locked=0
time=99990000 state=5 error=5 tuning=770 kp=0 ki=0 locked=0
time=100070000 state=5 error=5 tuning=770 kp=0 ki=0 locked=0
time=100170000 state=5 error=6 tuning=770 kp=0 ki=0 locked=0
time=100270000 state=5 error=6 tuning=770 kp=0 ki=0 locked=0
time=100350000 state=5 error=6 tuning=770 kp=0 ki=0 locked=0
time=100450000 state=5 error=5 tuning=770 kp=0 ki=0 locked=0
time=100530000 state=5 error=6 tuning=770 kp=0 ki=0 locked=0
time=100630000 state=5 error=6 tuning=770 kp=0 ki=0 locked=0
time=100710000 state=5 error=6 tuning=770 kp=0 ki=0 locked=0
time=100810000 state=5 error=6 tuning=770 kp=0 ki=0 locked=0
time=100910000 state=5 error=7 tuning=770 kp=0 ki=0 locked=0
time=100990000 state=5 error=6 tuning=770 kp=0 ki=0 locked=0
time=101090000 state=5 error=6 tuning=770 kp=0 ki=0 locked=0
time=101170000 state=5 error=6 tuning=770 kp=0 ki=0 locked=0
time=101270000 state=5 error=7 tuning=770 kp=0 ki=0 locked=0
time=101350000 state=5 error=7 tuning=770 kp=0 ki=0 locked=0
time=101450000 state=5 error=6 tuning=770 kp=0 ki=0 locked=0
time=101530000 state=5 error=6 tuning=770 kp=0 ki=0 locked=0
time=101630000 state=5 error=7 tuning=770 kp=0 ki=0 locked=0
time=101730000 state=5 error=7 tuning=770 kp=0 ki=0 locked=0
time=101810000 state=5 error=7 tuning=770 kp=0 ki=0 locked=0
time=101910000 state=5 error=7 tuning=770 kp=0 ki=0 locked=0
time=101990000 state=5 error=7 tuning=770 kp=0 ki=0 locked=0
time=102090000 state=5 error=7 tuning=770 kp=0 ki=0 locked=0
time=102170000 state=5 error=7 tuning=770 kp=0 ki=0 locked=0
time=102270000 state=5 error=7 tuning=770 kp=0 ki=0 locked=0
time=102370000 state=5 error=8 tuning=770 kp=0 ki=0 locked=0
time=102450000 state=5 error=7 tuning=770 kp=0 ki=0 locked=0
time=102550000 state=5 error=7 tuning=770 kp=0 ki=0 locked=0
time=102630000 state=5 error=7 tuning=770 kp=0 ki=0 locked=0
time=102730000 state=5 error=8 tuning=770 kp=0 ki=0 locked=0
time=102810000 state=5 error=8 tuning=770 kp=0 ki=0 locked=0
time=102910000 state=5 error=8 tuning=770 kp=0 ki=0 locked=0
time=103010000 state=5 error=8 tuning=770 kp=0 ki=0 locked=0
time=103090000 state=5 error=8 tuning=770 kp=0 ki=0 locked=0
time=103190000 state=5 error=8 tuning=770 kp=0 ki=0 locked=0
time=103270000 state=5 error=8 tuning=770 kp=0 ki=0 locked=0
time=103370000 state=5 error=9 tuning=770 kp=0 ki=0 locked=0
time=103450000 state=5 error=8 tuning=770 kp=0 ki=0 locked=0
time=103550000 state=5 error=8 tuning=770 kp=0 ki=0 locked=0
time=103630000 state=5 error=8 tuning=770 kp=0 ki=0 locked=0
time=103730000 state=5 error=9 tuning=770 kp=0 ki=0 locked=0
time=103830000 state=5 error=9 tuning=770 kp=0 ki=0 locked=0
time=103910000 state=5 error=9 tuning=770 kp=0 ki=0 locked=0
time=104010000 state=5 error=8 tuning=770 kp=0 ki=0 locked=0
time=104090000 state=5 error=9 tuning=770 kp=0 ki=0 locked=0
time=104190000 state=5 error=9 tuning=770 kp=0 ki=0 locked=0
time=104270000 state=5 error=9 tuning=770 kp=0 ki=0 locked=0
time=104370000 state=5 error=9 tuning=770 kp=0 ki=0 locked=0
time=104470000 state=5 error=9 tuning=770 kp=0 ki=0 locked=0
time=104550000 state=5 error=9 tuning=770 kp=0 ki=0 locked=0
time=104650000 state=5 error=9 tuning=770 kp=0 ki=0 locked=0
time=104730000 state=5 error=9 tuning=770 kp=0 ki=0 locked=0
time=104830000 state=5 error=10 tuning=770 kp=0 ki=0 locked=0
time=104910000 state=5 error=10 tuning=770 kp=0 ki=0 locked=0
time=105010000 state=5 error=9 tuning=770 kp=0 ki=0 locked=0
time=105090000 state=5 error=9 tuning=770 kp=0 ki=0 locked=0
time=105190000 state=5 error=10 tuning=770 kp=0 ki=0 locked=0
time=105290000 state=5 error=10 tuning=770 kp=0 ki=0 locked=0
time=105370000 state=5 error=10 tuning=770 kp=0 ki=0 locked=0
time=105470000 state=5 error=9 tuning=770 kp=0 ki=0 locked=0
time=105550000 state=5 error=10 tuning=770 kp=0 ki=0 locked=0
time=105650000 state=5 error=10 tuning=770 kp=0 ki=0 locked=0
time=105730000 state=5 error=10 tuning=770 kp=0 ki=0 locked=0
time=105830000 state=5 error=10 tuning=770 kp=0 ki=0 locked=0
time=105930000 state=5 error=11 tuning=770 kp=0 ki=0 locked=0
time=106010000 state=5 error=10 tuning=770 kp=0 ki=0 locked=0
time=106110000 state=5 error=10 tuning=770 kp=0 ki=0 locked=0
time=106190000 state=5 error=11 tuning=770 kp=0 ki=0 locked=0
time=106290000 state=5 error=11 tuning=770 kp=0 ki=0 locked=0
time=106370000 state=5 error=11 tuning=770 kp=0 ki=0 locked=0
time=106470000 state=5 error=10 tuning=770 kp=0 ki=0 locked=0
time=106570000 state=5 error=11 tuning=770 kp=0 ki=0 locked=0
time=106650000 state=5 error=11 tuning=770 kp=0 ki=0 locked=0
time=106750000 state=5 error=11 tuning=770 kp=0 ki=0 locked=0
time=106830000 state=5 error=11 tuning=770 kp=0 ki=0 locked=0
time=106930000 state=5 error=12 tuning=770 kp=0 ki=0 locked=0
time=107010000 state=5 error=11 tuning=770 kp=0 ki=0 locked=0
time=107110000 state=5 error=11 tuning=770 kp=0 ki=0 locked=0
time=107190000 state=5 error=11 tuning=770 kp=0 ki=0 locked=0
time=107290000 state=5 error=12 tuning=770 kp=0 ki=0 locked=0
time=107390000 state=5 error=12 tuning=770 kp=0 ki=0 locked=0
time=107470000 state=5 error=11 tuning=770 kp=0 ki=0 locked=0
time=107570000 state=5 error=11 tuning=770 kp=0 ki=0 locked=0
time=107650000 state=5 error=12 tuning=770 kp=0 ki=0 locked=0
time=107750000 state=5 error=12 tuning=770 kp=0 ki=0 locked=0
time=107830000 state=5 error=12 tuning=770 kp=0 ki=0 locked=0
time=107930000 state=5 error=12 tuning=770 kp=0 ki=0 locked=0
time=108030000 state=5 error=12 tuning=770 kp=0 ki=0 locked=0
time=108110000 state=5 error=12 tuning=770 kp=0 ki=0 locked=0
time=108210000 state=5 error=12 tuning=770 kp=0 ki=0 locked=0
time=108290000 state=5 error=12 tuning=770 kp=0 ki=0 locked=0
time=108390000 state=5 error=13 tuning=770 kp=0 ki=0 locked=0
time=108470000 state=5 error=12 tuning=770 kp=0 ki=0 locked=0
time=108570000 state=5 error=12 tuning=770 kp=0 ki=0 locked=0
time=108650000 state=5 error=12 tuning=770 kp=0 ki=0 locked=0
time=108750000 state=5 error=13 tuning=770 kp=0 ki=0 locked=0
time=108850000 state=5 error=13 tuning=770 kp=0 ki=0 locked=0
time=108930000 state=5 error=13 tuning=770 kp=0 ki=0 locked=0
time=109030000 state=5 error=13 tuning=770 kp=0 ki=0 locked=0
time=109110000 state=5 error=13 tuning=770 kp=0 ki=0 locked=0
time=109210000 state=5 error=13 tuning=770 kp=0 ki=0 locked=0
time=109290000 state=5 error=13 tuning=770 kp=0 ki=0 locked=0
time=109390000 state=5 error=14 tuning=770 kp=0 ki=0 locked=0
time=109490000 state=5 error=13 tuning=770 kp=0 ki=0 locked=0
time=109570000 state=5 error=13 tuning=770 kp=0 ki=0 locked=0
time=109670000 state=5 error=13 tuning=770 kp=0 ki=0 locked=0
time=109750000 state=5 error=14 tuning=770 kp=0 ki=0 locked=0
time=109850000 state=5 error=14 tuning=770 kp=0 ki=0 locked=0
time=109930000 state=5 error=14 tuning=770 kp=0 ki=0 locked=0
time=110030000 state=5 error=13 tuning=770 kp=0 ki=0 locked=0
time=110130000 state=5 error=14 tuning=770 kp=0 ki=0 locked=0
time=110210000 state=5 error=14 tuning=770 kp=0 ki=0 locked=0
time=110310000 state=3 error=14 tuning=770 kp=4 ki=1 locked=0
time=110390000 state=5 error=14 tuning=770 kp=0 ki=0 locked=0
time=110490000 state=5 error=14 tuning=770 kp=0 ki=0 locked=0
time=110570000 state=5 error=14 tuning=770 kp=0 ki=0 locked=0
time=110670000 state=5 error=14 tuning=770 kp=0 ki=0 locked=0
time=110750000 state=5 error=14 tuning=770 kp=0 ki=0 locked=0
time=110850000 state=5 error=15 tuning=770 kp=0 ki=0 locked=0
time=110950000 state=5 error=15 tuning=770 kp=0 ki=0 locked=0
time=111030000 state=5 error=14 tuning=770 kp=0 ki=0 locked=0
time=111130000 state=5 error=14 tuning=770 kp=0 ki=0 locked=0
time=111210000 state=5 error=15 tuning=770 kp=0 ki=0 locked=0
time=111310000 state=5 error=15 tuning=770 kp=0 ki=0 locked=0
time=111390000 state=5 error=15 tuning=770 kp=0 ki=0 locked=0
time=111490000 state=5 error=14 tuning=770 kp=0 ki=0 locked=0
time=111590000 state=5 error=15 tuning=770 kp=0 ki=0 locked=0
time=111670000 state=5 error=15 tuning=770 kp=0 ki=0 locked=0
time=111770000 state=5 error=15 tuning=770 kp=0 ki=0 locked=0
time=111850000 state=5 error=15 tuning=770 kp=0 ki=0 locked=0
time=111950000 state=5 error=16 tuning=770 kp=0 ki=0 locked=0
time=112030000 state=5 error=15 tuning=770 kp=0 ki=0 locked=0
time=112130000 state=5 error=15 tuning=770 kp=0 ki=0 locked=0
time=112230000 state=5 error=16 tuning=770 kp=0 ki=0 locked=0
time=112310000 state=5 error=16 tuning=770 kp=0 ki=0 locked=0
time=112410000 state=5 error=16 tuning=770 kp=0 ki=0 locked=0
time=112490000 state=5 error=15 tuning=770 kp=0 ki=0 locked=0
time=112590000 state=5 error=16 tuning=770 kp=0 ki=0 locked=0
time=112670000 state=5 error=16 tuning=770 kp=0 ki=0 locked=0
time=112770000 state=5 error=16 tuning=770 kp=0 ki=0 locked=0
time=112850000 state=5 error=16 tuning=770 kp=0 ki=0 locked=0
time=112950000 state=5 error=17 tuning=770 kp=0 ki=0 locked=0
time=113050000 state=5 error=16 tuning=770 kp=0 ki=0 locked=0
time=113130000 state=5 error=16 tuning=770 kp=0 ki=0 locked=0
time=113230000 state=5 error=16 tuning=770 kp=0 ki=0 locked=0
time=113310000 state=5 error=17 tuning=770 kp=0 ki=0 locked=0
time=113410000 state=5 error=17 tuning=770 kp=0 ki=0 locked=0
time=113490000 state=5 error=16 tuning=770 kp=0 ki=0 locked=0
time=113590000 state=5 error=16 tuning=770 kp=0 ki=0 locked=0
time=113690000 state=5 error=17 tuning=770 kp=0 ki=0 locked=0
time=113770000 state=5 error=17 tuning=770 kp=0 ki=0 locked=0
time=113870000 state=5 error=17 tuning=770 kp=0 ki=0 locked=0
time=113950000 state=5 error=17 tuning=770 kp=0 ki=0 locked=0
time=114050000 state=5 error=17 tuning=770 kp=0 ki=0 locked=0
time=114130000 state=5 error=17 tuning=770 kp=0 ki=0 locked=0
time=114230000 state=5 error=17 tuning=770 kp=0 ki=0 locked=0
time=114310000 state=5 error=17 tuning=770 kp=0 ki=0 locked=0
time=114410000 state=5 error=18 tuning=770 kp=0 ki=0 locked=0
time=114510000 state=5 error=17 tuning=770 kp=0 ki=0 locked=0
time=114590000 state=5 error=17 tuning=770 kp=0 ki=0 locked=0
time=114690000 state=5 error=17 tuning=770 kp=0 ki=0 locked=0
time=114770000 state=5 error=18 tuning=770 kp=0 ki=0 locked=0
time=114870000 state=5 error=0 tuning=770 kp=0 ki=0 locked=0
time=114970000 state=5 error=-1 tuning=770 kp=0 ki=0 locked=0
time=115050000 state=5 error=0 tuning=770 kp=0 ki=0 locked=0
time=115150000 state=5 error=0 tuning=770 kp=0 ki=0 locked=0
time=115230000 state=5 error=0 tuning=770 kp=0 ki=0 locked=0
time=115330000 state=5 error=0 tuning=770 kp=0 ki=0 locked=0
time=115410000 state=5 error=0 tuning=770 kp=0 ki=0 locked=0
time=115510000 state=5 error=0 tuning=770 kp=0 ki=0 locked=0
time=115590000 state=5 error=0 tuning=770 kp=0 ki=0 locked=0
time=115690000 state=5 error=0 tuning=770 kp=0 ki=0 locked=0
time=115790000 state=5 error=1 tuning=770 kp=0 ki=0 locked=0
time=115870000 state=5 error=1 tuning=770 kp=0 ki=0 locked=0
time=115970000 state=5 error=0 tuning=770 kp=0 ki=0 locked=0
time=116050000 state=5 error=0 tuning=770 kp=0 ki=0 locked=0
time=116150000 state=5 error=1 tuning=770 kp=0 ki=0 locked=0
time=116230000 state=5 error=1 tuning=770 kp=0 ki=0 locked=0
time=116330000 state=5 error=1 tuning=770 kp=0 ki=0 locked=0
time=116410000 state=5 error=0 tuning=770 kp=0 ki=0 locked=0
time=116510000 state=5 error=1 tuning=770 kp=0 ki=0 locked=0
time=116610000 state=5 error=1 tuning=770 kp=0 ki=0 locked=0
time=116690000 state=5 error=1 tuning=770 kp=0 ki=0 locked=0
time=116790000 state=5 error=1 tuning=770 kp=0 ki=0 locked=0
time=116870000 state=5 error=2 tuning=770 kp=0 ki=0 locked=0
time=116970000 state=5 error=1 tuning=770 kp=0 ki=0 locked=0
time=117050000 state=5 error=1 tuning=770 kp=0 ki=0 locked=0
time=117150000 state=5 error=1 tuning=770 kp=0 ki=0 locked=0
time=117250000 state=5 error=2 tuning=770 kp=0 ki=0 locked=0
time=117330000 state=5 error=2 tuning=770 kp=0 ki=0 locked=0
time=117430000 state=5 error=1 tuning=770 kp=0 ki=0 locked=0
time=117510000 state=5 error=1 tuning=770 kp=0 ki=0 locked=0
time=117610000 state=5 error=2 tuning=770 kp=0 ki=0 locked=0
time=117690000 state=5 error=2 tuning=770 kp=0 ki=0 locked=0
time=117790000 state=5 error=2 tuning=770 kp=0 ki=0 locked=0
time=117870000 state=5 error=2 tuning=770 kp=0 ki=0 locked=0
time=117970000 state=5 error=2 tuning=770 kp=0 ki=0 locked=0
time=118070000 state=5 error=2 tuning=770 kp=0 ki=0 locked=0
time=118150000 state=5 error=2 tuning=770 kp=0 ki=0 locked=0
time=118250000 state=5 error=3 tuning=770 kp=0 ki=0 locked=0
time=118330000 state=5 error=3 tuning=770 kp=0 ki=0 locked=0
time=118430000 state=5 error=2 tuning=770 kp=0 ki=0 locked=0
time=118510000 state=5 error=2 tuning=770 kp=0 ki=0 locked=0
time=118610000 state=5 error=3 tuning=770 kp=0 ki=0 locked=0
time=118710000 state=5 error=3 tuning=770 kp=0 ki=0 locked=0
time=118790000 state=5 error=3 tuning=770 kp=0 ki=0 locked=0
time=118890000 state=5 error=3 tuning=770 kp=0 ki=0 locked=0
time=118970000 state=5 error=3 tuning=770 kp=0 ki=0 locked=0
time=119070000 state=5 error=3 tuning=770 kp=0 ki=0 locked=0
time=119150000 state=5 error=3 tuning=770 kp=0 ki=0 locked=0
time=119250000 state=5 error=3 tuning=770 kp=0 ki=0 locked=0
time=119350000 state=5 error=4 tuning=770 kp=0 ki=0 locked=0
time=119430000 state=5 error=3 tuning=770 kp=0 ki=0 locked=0
time=119530000 state=5 error=3 tuning=770 kp=0 ki=0 locked=0
time=119610000 state=5 error=3 tuning=770 kp=0 ki=0 locked=0
time=119710000 state=5 error=4 tuning=770 kp=0 ki=0 locked=0
time=119790000 state=5 error=4 tuning=770 kp=0 ki=0 locked=0
time=119890000 state=5 error=4 tuning=770 kp=0 ki=0 locked=0
time=119970000 state=5 error=3 tuning=770 kp=0 ki=0 locked=0
time=120070000 state=5 error=4 tuning=770 kp=0 ki=0 locked=0
time=120170000 state=5 error=4 tuning=770 kp=0 ki=0 locked=0
time=120250000 state=5 error=4 tuning=770 kp=0 ki=0 locked=0
time=120350000 state=5 error=4 tuning=770 kp=0 ki=0 locked=0
time=120430000 state=5 error=4 tuning=770 kp=0 ki=0 locked=0
time=120530000 state=5 error=4 tuning=770 kp=0 ki=0 locked=0
time=120610000 state=5 error=4 tuning=770 kp=0 ki=0 locked=0
time=120710000 state=5 error=4 tuning=770 kp=0 ki=0 locked=0
time=120810000 state=5 error=5 tuning=770 kp=0 ki=0 locked=0
time=120890000 state=5 error=5 tuning=770 kp=0 ki=0 locked=0
time=120990000 state=5 error=4 tuning=770 kp=0 ki=0 locked=0
time=121070000 state=5 error=5 tuning=770 kp=0 ki=0 locked=0
time=121170000 state=5 error=5 tuning=770 kp=0 ki=0 locked=0
time=121250000 state=5 error=5 tuning=770 kp=0 ki=0 locked=0
time=121350000 state=5 error=5 tuning=770 kp=0 ki=0 locked=0
time=121450000 state=5 error=5 tuning=770 kp=0 ki=0 locked=0
time=121530000 state=5 error=5 tuning=770 kp=0 ki=0 locked=0
time=121630000 state=5 error=5 tuning=770 kp=0 ki=0 locked=0
time=121710000 state=5 error=5 tuning=770 kp=0 ki=0 locked=0
time=121810000 state=5 error=6 tuning=770 kp=0 ki=0 locked=0
time=121890000 state=5 error=6 tuning=770 kp=0 ki=0 locked=0
time=121990000 state=5 error=5 tuning=770 kp=0 ki=0 locked=0
time=122070000 state=5 error=5 tuning=770 kp=0 ki=0 locked=0
time=122170000 state=5 error=6 tuning=770 kp=0 ki=0 locked=0
time=122270000 state=5 error=6 tuning=770 kp=0 ki=0 locked=0
time=122350000 state=5 error=6 tuning=770 kp=0 ki=0 locked=0
time=122450000 state=5 error=5 tuning=770 kp=0 ki=0 locked=0
time=122530000 state=5 error=6 tuning=770 kp=0 ki=0 locked=0
time=122630000 state=5 error=6 tuning=770 kp=0 ki=0 locked=0
time=122710000 state=5 error=6 tuning=770 kp=0 ki=0 locked=0
time=122810000 state=5 error=6 tuning=770 kp=0 ki=0 locked=0
time=122910000 state=5 error=7 tuning=770 kp=0 ki=0 locked=0
time=122990000 state=5 error=6 tuning=770 kp=0 ki=0 locked=0
time=123090000 state=5 error=6 tuning=770 kp=0 ki=0 locked=0
time=123170000 state=5 error=6 tuning=770 kp=0 ki=0 locked=0
time=123270000 state=5 error=7 tuning=770 kp=0 ki=0 locked=0
time=123350000 state=5 error=7 tuning=770 kp=0 ki=0 locked=0
time=123450000 state=5 error=6 tuning=770 kp=0 ki=0 locked=0
time=123530000 state=5 error=6 tuning=770 kp=0 ki=0 locked=0
time=123630000 state=5 error=7 tuning=770 kp=0 ki=0 locked=0
time=123730000 state=5 error=7 tuning=770 kp=0 ki=0 locked=0
time=123810000 state=5 error=7 tuning=770 kp=0 ki=0 locked=0
time=123910000 state=5 error=7 tuning=770 kp=0 ki=0 locked=0
time=123990000 state=5 error=7 tuning=770 kp=0 ki=0 locked=0
time=124090000 state=5 error=7 tuning=770 kp=0 ki=0 locked=0
time=124170000 state=5 error=7 tuning=770 kp=0 ki=0 locked=0
time=124270000 state=5 error=8 tuning=770 kp=0 ki=0 locked=0
time=124370000 state=5 error=8 tuning=770 kp=0 ki=0 locked=0
time=124450000 state=5 error=7 tuning=770 kp=0 ki=0 locked=0
time=124550000 state=5 error=7 tuning=770 kp=0 ki=0 locked=0
time=124630000 state=5 error=8 tuning=770 kp=0 ki=0 locked=0
time=124730000 state=5 error=8 tuning=770 kp=0 ki=0 locked=0
time=124810000 state=5 error=8 tuning=770 kp=0 ki=0 locked=0
time=124910000 state=5 error=8 tuning=770 kp=0 ki=0 locked=0
time=125010000 state=5 error=8 tuning=770 kp=0 ki=0 locked=0
time=125090000 state=5 error=8 tuning=770 kp=0 ki=0 locked=0
time=125190000 state=5 error=8 tuning=770 kp=0 ki=0 locked=0
time=125270000 state=5 error=8 tuning=770 kp=0 ki=0 locked=0
time=125370000 state=5 error=9 tuning=770 kp=0 ki=0 locked=0
time=125450000 state=5 error=8 tuning=770 kp=0 ki=0 locked=0
time=125550000 state=5 error=8 tuning=770 kp=0 ki=0 locked=0
time=125630000 state=5 error=8 tuning=770 kp=0 ki=0 locked=0
time=125730000 state=5 error=9 tuning=770 kp=0 ki=0 locked=0
time=125830000 state=5 error=9 tuning=770 kp=0 ki=0 locked=0
time=125910000 state=5 error=9 tuning=770 kp=0 ki=0 locked=0
time=126010000 state=5 error=8 tuning=770 kp=0 ki=0 locked=0
time=126090000 state=5 error=9 tuning=770 kp=0 ki=0 locked=0
time=126190000 state=5 error=9 tuning=770 kp=0 ki=0 locked=0
time=126270000 state=5 error=9 tuning=770 kp=0 ki=0 locked=0
time=126370000 state=5 error=9 tuning=770 kp=0 ki=0 locked=0
time=126470000 state=5 error=9 tuning=770 kp=0 ki=0 locked=0
time=126550000 state=5 error=9 tuning=770 kp=0 ki=0 locked=0
time=126650000 state=5 error=9 tuning=770 kp=0 ki=0 locked=0
time=126730000 state=5 error=9 tuning=770 kp=0 ki=0 locked=0
time=126830000 state=5 error=10 tuning=770 kp=0 ki=0 locked=0
time=126910000 state=5 error=10 tuning=770 kp=0 ki=0 locked=0
time=127010000 state=5 error=9 tuning=770 kp=0 ki=0 locked=0
time=127110000 state=5 error=10 tuning=770 kp=0 ki=0 locked=0
time=127190000 state=5 error=10 tuning=770 kp=0 ki=0 locked=0
time=127290000 state=5 error=10 tuning=770 kp=0 ki=0 locked=0
time=127370000 state=5 error=10 tuning=770 kp=0 ki=0 locked=0
time=127470000 state=5 error=10 tuning=770 kp=0 ki=0 locked=0
time=127550000 state=5 error=10 tuning=770 kp=0 ki=0 locked=0
time=127650000 state=5 error=10 tuning=770 kp=0 ki=0 locked=0
time=127730000 state=5 error=10 tuning=770 kp=0 ki=0 locked=0
time=127830000 state=5 error=11 tuning=770 kp=0 ki=0 locked=0
time=127930000 state=5 error=11 tuning=770 kp=0 ki=0 locked=0
time=128010000 state=5 error=10 tuning=770 kp=0 ki=0 locked=0
time=128110000 state=5 error=10 tuning=770 kp=0 ki=0 locked=0
time=128190000 state=5 error=11 tuning=770 kp=0 ki=0 locked=0
time=128290000 state=5 error=11 tuning=770 kp=0 ki=0 locked=0
time=128370000 state=5 error=11 tuning=770 kp=0 ki=0 locked=0
time=128470000 state=5 error=10 tuning=770 kp=0 ki=0 locked=0
time=128570000 state=5 error=11 tuning=770 kp=0 ki=0 locked=0
time=128650000 state=5 error=11 tuning=770 kp=0 ki=0 locked=0
time=128750000 state=5 error=11 tuning=770 kp=0 ki=0 locked=0
time=128830000 state=5 error=11 tuning=770 kp=0 ki=0 locked=0
time=128930000 state=5 error=12 tuning=770 kp=0 ki=0 locked=0
time=129010000 state=5 error=11 tuning=770 kp=0 ki=0 locked=0
time=129110000 state=5 error=11 tuning=770 kp=0 ki=0 locked=0
time=129190000 state=5 error=11 tuning=770 kp=0 ki=0 locked=0
time=129290000 state=5 error=12 tuning=770 kp=0 ki=0 locked=0
time=129390000 state=5 error=12 tuning=770 kp=0 ki=0 locked=0
time=129470000 state=5 error=11 tuning=770 kp=0 ki=0 locked=0
time=129570000 state=5 error=11 tuning=770 kp=0 ki=0 locked=0
time=129650000 state=5 error=12 tuning=770 kp=0 ki=0 locked=0
time=129750000 state=5 error=12 tuning=770 kp=0 ki=0 locked=0
time=129830000 state=5 error=12 tuning=770 kp=0 ki=0 locked=0
time=129930000 state=5 error=12 tuning=770 kp=0 ki=0 locked=0
time=130030000 state=5 error=12 tuning=770 kp=0 ki=0 locked=0
time=130110000 state=5 error=12 tuning=770 kp=0 ki=0 locked=0
time=130210000 state=5 error=12 tuning=770 kp=0 ki=0 locked=0
time=130290000 state=5 error=13 tuning=770 kp=0 ki=0 locked=0
time=130390000 state=5 error=13 tuning=770 kp=0 ki=0 locked=0
time=130470000 state=5 error=12 tuning=770 kp=0 ki=0 locked=0
time=130570000 state=5 error=12 tuning=770 kp=0 ki=0 locked=0
time=130670000 state=5 error=13 tuning=770 kp=0 ki=0 locked=0
time=130750000 state=5 error=13 tuning=770 kp=0 ki=0 locked=0
time=130850000 state=5 error=13 tuning=770 kp=0 ki=0 locked=0
time=130930000 state=5 error=13 tuning=770 kp=0 ki=0 locked=0
time=131030000 state=5 error=13 tuning=770 kp=0 ki=0 locked=0
time=131110000 state=5 error=13 tuning=770 kp=0 ki=0 locked=0
time=131210000 state=5 error=13 tuning=770 kp=0 ki=0 locked=0
time=131290000 state=5 error=13 tuning=770 kp=0 ki=0 locked=0
time=131390000 state=5 error=14 tuning=770 kp=0 ki=0 locked=0
time=131490000 state=5 error=13 tuning=770 kp=0 ki=0 locked=0
time=131570000 state=5 error=13 tuning=770 kp=0 ki=0 locked=0
time=131670000 state=5 error=13 tuning=770 kp=0 ki=0 locked=0
time=131750000 state=5 error=14 tuning=770 kp=0 ki=0 locked=0
time=131850000 state=5 error=14 tuning=770 kp=0 ki=0 locked=0
time=131930000 state=5 error=14 tuning=770 kp=0 ki=0 locked=0
time=132030000 state=5 error=13 tuning=770 kp=0 ki=0 locked=0
time=132130000 state=5 error=14 tuning=770 kp=0 ki=0 locked=0
time=132210000 state=5 error=14 tuning=770 kp=0 ki=0 locked=0
time=132310000 state=5 error=14 tuning=770 kp=0 ki=0 locked=0
time=132390000 state=5 error=14 tuning=770 kp=0 ki=0 locked=0
time=132490000 state=5 error=14 tuning=770 kp=0 ki=0 locked=0
time=132570000 state=5 error=14 tuning=770 kp=0 ki=0 locked=0
time=132670000 state=5 error=14 tuning=770 kp=0 ki=0 locked=0
time=132750000 state=5 error=14 tuning=770 kp=0 ki=0 locked=0
time=132850000 state=5 error=15 tuning=770 kp=0 ki=0 locked=0
time=132950000 state=5 error=15 tuning=770 kp=0 ki=0 locked=0
time=133030000 state=5 error=14 tuning=770 kp=0 ki=0 locked=0
time=133130000 state=5 error=15 tuning=770 kp=0 ki=0 locked=0
time=133210000 state=5 error=15 tuning=770 kp=0 ki=0 locked=0
time=133310000 state=5 error=15 tuning=770 kp=0 ki=0 locked=0
time=133390000 state=5 error=15 tuning=770 kp=0 ki=0 locked=0
time=133490000 state=5 error=15 tuning=770 kp=0 ki=0 locked=0
time=133590000 state=5 error=15 tuning=770 kp=0 ki=0 locked=0
time=133670000 state=5 error=15 tuning=770 kp=0 ki=0 locked=0
time=133770000 state=5 error=15 tuning=770 kp=0 ki=0 locked=0
time=133850000 state=5 error=16 tuning=770 kp=0 ki=0 locked=0
time=133950000 state=5 error=15 tuning=770 kp=0 ki=0 locked=0
time=134030000 state=5 error=15 tuning=770 kp=0 ki=0 locked=0
time=134130000 state=5 error=15 tuning=770 kp=0 ki=0 locked=0
time=134230000 state=5 error=16 tuning=770 kp=0 ki=0 locked=0
time=134310000 state=5 error=16 tuning=770 kp=0 ki=0 locked=0
time=134410000 state=5 error=16 tuning=770 kp=0 ki=0 locked=0
time=134490000 state=5 error=15 tuning=770 kp=0 ki=0 locked=0
time=134590000 state=5 error=16 tuning=770 kp=0 ki=0 locked=0
time=134670000 state=5 error=16 tuning=770 kp=0 ki=0 locked=0
time=134770000 state=5 error=16 tuning=770 kp=0 ki=0 locked=0
time=134850000 state=5 error=16 tuning=770 kp=0 ki=0 locked=0
time=134950000 state=5 error=16 tuning=770 kp=0 ki=0 locked=0
time=135050000 state=5 error=16 tuning=770 kp=0 ki=0 locked=0
time=135130000 state=5 error=16 tuning=770 kp=0 ki=0 locked=0
time=135230000 state=5 error=16 tuning=770 kp=0 ki=0 locked=0
time=135310000 state=5 error=17 tuning=770 kp=0 ki=0 locked=0
time=135410000 state=5 error=17 tuning=770 kp=0 ki=0 locked=0
time=135490000 state=5 error=16 tuning=770 kp=0 ki=0 locked=0
time=135590000 state=5 error=16 tuning=770 kp=0 ki=0 locked=0
time=135690000 state=5 error=17 tuning=770 kp=0 ki=0 locked=0
time=135770000 state=5 error=17 tuning=770 kp=0 ki=0 locked=0
time=135870000 state=5 error=17 tuning=770 kp=0 ki=0 locked=0
time=135950000 state=5 error=16 tuning=770 kp=0 ki=0 locked=0
time=136050000 state=5 error=17 tuning=770 kp=0 ki=0 locked=0
time=136130000 state=5 error=17 tuning=770 kp=0 ki=0 locked=0
time=136230000 state=5 error=17 tuning=770 kp=0 ki=0 locked=0
time=136330000 state=5 error=18 tuning=770 kp=0 ki=0 locked=0
time=136410000 state=5 error=-1 tuning=770 kp=0 ki=0 locked=0
time=136510000 state=5 error=-1 tuning=770 kp=0 ki=0 locked=0
time=136590000 state=5 error=-1 tuning=770 kp=0 ki=0 locked=0
time=136690000 state=5 error=0 tuning=770 kp=0 ki=0 locked=0
time=136770000 state=5 error=0 tuning=770 kp=0 ki=0 locked=0
time=136870000 state=5 error=-1 tuning=770 kp=0 ki=0 locked=0
time=136970000 state=5 error=-1 tuning=770 kp=0 ki=0 locked=0
time=137050000 state=5 error=0 tuning=770 kp=0 ki=0 locked=0
time=137150000 state=5 error=0 tuning=770 kp=0 ki=0 locked=0
time=137230000 state=5 error=0 tuning=770 kp=0 ki=0 locked=0
time=137330000 state=5 error=0 tuning=770 kp=0 ki=0 locked=0
time=137410000 state=5 error=0 tuning=770 kp=0 ki=0 locked=0
time=137510000 state=5 error=0 tuning=770 kp=0 ki=0 locked=0
time=137590000 state=5 error=0 tuning=770 kp=0 ki=0 locked=0
time=137690000 state=5 error=0 tuning=770 kp=0 ki=0 locked=0
time=137790000 state=5 error=1 tuning=770 kp=0 ki=0 locked=0
time=137870000 state=5 error=0 tuning=770 kp=0 ki=0 locked=0
time=137970000 state=5 error=0 tuning=770 kp=0 ki=0 locked=0
time=138050000 state=5 error=0 tuning=770 kp=0 ki=0 locked=0
time=138150000 state=5 error=1 tuning=770 kp=0 ki=0 locked=0
time=138230000 state=5 error=1 tuning=770 kp=0 ki=0 locked=0
time=138330000 state=5 error=1 tuning=770 kp=0 ki=0 locked=0
time=138410000 state=5 error=0 tuning=770 kp=0 ki=0 locked=0
time=138510000 state=5 error=1 tuning=770 kp=0 ki=0 locked=0
time=138610000 state=5 error=1 tuning=770 kp=0 ki=0 locked=0
time=138690000 state=5 error=1 tuning=770 kp=0 ki=0 locked=0
time=138790000 state=5 error=1 tuning=770 kp=0 ki=0 locked=0
time=138870000 state=5 error=1 tuning=770 kp=0 ki=0 locked=0
time=138970000 state=5 error=1 tuning=770 kp=0 ki=0 locked=0
time=139050000 state=5 error=1 tuning=770 kp=0 ki=0 locked=0
time=139150000 state=5 error=2 tuning=770 kp=0 ki=0 locked=0
time=139250000 state=5 error=2 tuning=770 kp=0 ki=0 locked=0
time=139330000 state=5 error=2 tuning=770 kp=0 ki=0 locked=0
time=139430000 state=5 error=1 tuning=770 kp=0 ki=0 locked=0
time=139510000 state=5 error=2 tuning=770 kp=0 ki=0 locked=0
time=139610000 state=5 error=2 tuning=770 kp=0 ki=0 locked=0
time=139690000 state=5 error=2 tuning=770 kp=0 ki=0 locked=0
time=139790000 state=5 error=2 tuning=770 kp=0 ki=0 locked=0
time=139890000 state=5 error=2 tuning=770 kp=0 ki=0 locked=0
time=139970000 state=5 error=2 tuning=770 kp=0 ki=0 locked=0
time=140070000 state=5 error=2 tuning=770 kp=0 ki=0 locked=0
time=140150000 state=5 error=2 tuning=770 kp=0 ki=0 locked=0
time=140250000 state=5 error=3 tuning=770 kp=0 ki=0 locked=0
time=140330000 state=3 error=3 tuning=770 kp=4 ki=1 locked=0
time=140430000 state=3 error=2 tuning=770 kp=4 ki=1 locked=0
time=140510000 state=3 error=2 tuning=770 kp=4 ki=1 locked=0
time=140610000 state=3 error=3 tuning=770 kp=4 ki=1 locked=0
time=140710000 state=3 error=3 tuning=771 kp=4 ki=1 locked=0
time=140790000 state=3 error=3 tuning=771 kp=4 ki=1 locked=0
time=140890000 state=3 error=2 tuning=771 kp=4 ki=1 locked=0
time=140970000 state=3 error=3 tuning=771 kp=4 ki=1 locked=0
time=141070000 state=3 error=3 tuning=772 kp=4 ki=1 locked=0
time=141150000 state=3 error=3 tuning=772 kp=4 ki=1 locked=0
time=141250000 state=3 error=3 tuning=772 kp=4 ki=1 locked=0
time=141350000 state=3 error=4 tuning=772 kp=4 ki=1 locked=0
time=141430000 state=3 error=3 tuning=773 kp=4 ki=1 locked=0
time=141530000 state=3 error=3 tuning=773 kp=4 ki=1 locked=0
time=141610000 state=4 error=3 tuning=773 kp=4 ki=1 locked=1
time=141710000 state=4 error=4 tuning=773 kp=4 ki=1 locked=1
time=141790000 state=4 error=4 tuning=773 kp=4 ki=1 locked=1
time=141890000 state=4 error=3 tuning=774 kp=4 ki=1 locked=1
time=141970000 state=4 error=3 tuning=774 kp=4 ki=1 locked=1
time=142070000 state=4 error=3 tuning=774 kp=4 ki=1 locked=1
time=142170000 state=4 error=4 tuning=774 kp=4 ki=1 locked=1
time=142250000 state=4 error=4 tuning=775 kp=4 ki=1 locked=1
time=142350000 state=4 error=4 tuning=775 kp=4 ki=1 locked=1
time=142430000 state=4 error=3 tuning=775 kp=4 ki=1 locked=1
time=142530000 state=4 error=3 tuning=775 kp=4 ki=1 locked=1
time=142610000 state=4 error=4 tuning=775 kp=4 ki=1 locked=1
time=142710000 state=4 error=4 tuning=776 kp=4 ki=1 locked=1
time=142790000 state=4 error=4 tuning=776 kp=4 ki=1 locked=1
time=142890000 state=4 error=3 tuning=776 kp=4 ki=1 locked=1
time=142970000 state=4 error=3 tuning=776 kp=4 ki=1 locked=1
time=143070000 state=4 error=4 tuning=776 kp=4 ki=1 locked=1
time=143170000 state=4 error=4 tuning=777 kp=4 ki=1 locked=1
time=143250000 state=4 error=4 tuning=777 kp=4 ki=1 locked=1
time=143350000 state=4 error=4 tuning=777 kp=4 ki=1 locked=1
time=143430000 state=4 error=3 tuning=778 kp=4 ki=1 locked=1
time=143530000 state=4 error=4 tuning=777 kp=4 ki=1 locked=1
time=143610000 state=4 error=4 tuning=778 kp=4 ki=1 locked=1
time=143710000 state=4 error=4 tuning=778 kp=4 ki=1 locked=1
time=143790000 state=4 error=4 tuning=778 kp=4 ki=1 locked=1
time=143890000 state=4 error=3 tuning=779 kp=4 ki=1 locked=1
time=143970000 state=4 error=3 tuning=779 kp=4 ki=1 locked=1
time=144070000 state=4 error=4 tuning=779 kp=4 ki=1 locked=1
time=144170000 state=4 error=4 tuning=779 kp=4 ki=1 locked=1
time=144250000 state=4 error=4 tuning=780 kp=4 ki=1 locked=1
time=144350000 state=4 error=4 tuning=780 kp=4 ki=1 locked=1
time=144430000 state=4 error=3 tuning=780 kp=4 ki=1 locked=1
time=144530000 state=4 error=3 tuning=780 kp=4 ki=1 locked=1
time=144610000 state=4 error=4 tuning=780 kp=4 ki=1 locked=1
time=144710000 state=4 error=4 tuning=781 kp=4 ki=1 locked=1
time=144790000 state=4 error=4 tuning=781 kp=4 ki=1 locked=1
time=144890000 state=4 error=3 tuning=781 kp=4 ki=1 locked=1
time=144970000 state=4 error=3 tuning=781 kp=4 ki=1 locked=1
time=145070000 state=4 error=3 tuning=781 kp=4 ki=1 locked=1
time=145150000 state=4 error=3 tuning=782 kp=4 ki=1 locked=1
time=145250000 state=4 error=4 tuning=782 kp=4 ki=1 locked=1
time=145350000 state=4 error=4 tuning=782 kp=4 ki=1 locked=1
time=145430000 state=4 error=3 tuning=782 kp=4 ki=1 locked=1
time=145530000 state=4 error=3 tuning=782 kp=4 ki=1 locked=1
time=145610000 state=4 error=3 tuning=783 kp=4 ki=1 locked=1
time=145710000 state=4 error=3 tuning=783 kp=4 ki=1 locked=1
time=145790000 state=4 error=3 tuning=783 kp=4 ki=1 locked=1
time=145890000 state=4 error=3 tuning=783 kp=4 ki=1 locked=1
time=145970000 state=4 error=3 tuning=783 kp=4 ki=1 locked=1
time=146070000 state=4 error=3 tuning=784 kp=4 ki=1 locked=1
time=146150000 state=4 error=3 tuning=784 kp=4 ki=1 locked=1
time=146250000 state=4 error=3 tuning=784 kp=4 ki=1 locked=1
time=146330000 state=4 error=3 tuning=784 kp=4 ki=1 locked=1
time=146430000 state=4 error=2 tuning=784 kp=4 ki=1 locked=1
time=146510000 state=4 error=2 tuning=784 kp=4 ki=1 locked=1
time=146610000 state=4 error=3 tuning=784 kp=4 ki=1 locked=1
time=146710000 state=4 error=3 tuning=785 kp=4 ki=1 locked=1
time=146790000 state=4 error=3 tuning=785 kp=4 ki=1 locked=1
time=146890000 state=4 error=2 tuning=785 kp=4 ki=1 locked=1
time=146970000 state=4 error=2 tuning=785 kp=4 ki=1 locked=1
time=147070000 state=4 error=2 tuning=785 kp=4 ki=1 locked=1
time=147150000 state=4 error=2 tuning=785 kp=4 ki=1 locked=1
time=147250000 state=4 error=2 tuning=785 kp=4 ki=1 locked=1
time=147330000 state=4 error=2 tuning=785 kp=4 ki=1 locked=1
time=147430000 state=4 error=1 tuning=786 kp=4 ki=1 locked=1
time=147510000 state=4 error=2 tuning=785 kp=4 ki=1 locked=1
time=147610000 state=4 error=2 tuning=786 kp=4 ki=1 locked=1
time=147690000 state=4 error=2 tuning=786 kp=4 ki=1 locked=1
time=147790000 state=4 error=2 tuning=786 kp=4 ki=1 locked=1
time=147870000 state=4 error=1 tuning=786 kp=4 ki=1 locked=1
time=147970000 state=4 error=1 tuning=786 kp=4 ki=1 locked=1
time=148050000 state=4 error=1 tuning=786 kp=4 ki=1 locked=1
time=148150000 state=4 error=1 tuning=786 kp=4 ki=1 locked=1
time=148230000 state=4 error=1 tuning=786 kp=4 ki=1 locked=1
time=148330000 state=4 error=1 tuning=786 kp=4 ki=1 locked=1
time=148430000 state=4 error=1 tuning=786 kp=4 ki=1 locked=1
time=148510000 state=4 error=1 tuning=786 kp=4 ki=1 locked=1
time=148610000 state=4 error=1 tuning=786 kp=4 ki=1 locked=1
time=148690000 state=4 error=1 tuning=786 kp=4 ki=1 locked=1
time=148790000 state=4 error=1 tuning=787 kp=4 ki=1 locked=1
time=148870000 state=4 error=0 tuning=787 kp=4 ki=1 locked=1
time=148970000 state=4 error=0 tuning=786 kp=4 ki=1 locked=1
time=149050000 state=4 error=0 tuning=786 kp=4 ki=1 locked=1
time=149150000 state=4 error=0 tuning=786 kp=4 ki=1 locked=1
time=149230000 state=4 error=0 tuning=786 kp=4 ki=1 locked=1
time=149330000 state=4 error=0 tuning=786 kp=4 ki=1 locked=1
time=149410000 state=4 error=0 tuning=786 kp=4 ki=1 locked=1
time=149510000 state=4 error=0 tuning=786 kp=4 ki=1 locked=1
time=149590000 state=4 error=0 tuning=786 kp=4 ki=1 locked=1
time=149690000 state=4 error=0 tuning=786 kp=4 ki=1 locked=1
time=149770000 state=4 error=0 tuning=786 kp=4 ki=1 locked=1
time=149870000 state=4 error=-1 tuning=786 kp=4 ki=1 locked=1
time=149970000 state=4 error=-1 tuning=786 kp=4 ki=1 locked=1
time=150050000 state=4 error=-1 tuning=786 kp=4 ki=1 locked=1
time=150150000 state=4 error=-1 tuning=786 kp=4 ki=1 locked=1
time=150230000 state=4 error=-1 tuning=786 kp=4 ki=1 locked=1
time=150330000 state=4 error=0 tuning=786 kp=4 ki=1 locked=1
time=150410000 state=4 error=-1 tuning=786 kp=4 ki=1 locked=1
time=150510000 state=4 error=-1 tuning=786 kp=4 ki=1 locked=1
time=150590000 state=4 error=-1 tuning=786 kp=4 ki=1 locked=1
time=150690000 state=4 error=-1 tuning=786 kp=4 ki=1 locked=1
time=150770000 state=4 error=-1 tuning=786 kp=4 ki=1 locked=1
time=150870000 state=4 error=-2 tuning=785 kp=4 ki=1 locked=1
time=150970000 state=4 error=-2 tuning=785 kp=4 ki=1 locked=1
time=151050000 state=4 error=-2 tuning=785 kp=4 ki=1 locked=1
time=151150000 state=4 error=-2 tuning=785 kp=4 ki=1 locked=1
time=151230000 state=4 error=-1 tuning=785 kp=4 ki=1 locked=1
time=151330000 state=4 error=-1 tuning=785 kp=4 ki=1 locked=1
time=151410000 state=4 error=-2 tuning=785 kp=4 ki=1 locked=1
time=151510000 state=4 error=-2 tuning=784 kp=4 ki=1 locked=1
time=151590000 state=4 error=-2 tuning=784 kp=4 ki=1 locked=1
time=151690000 state=4 error=-2 tuning=784 kp=4 ki=1 locked=1
time=151770000 state=4 error=-2 tuning=784 kp=4 ki=1 locked=1
time=151870000 state=4 error=-3 tuning=784 kp=4 ki=1 locked=1
time=151970000 state=4 error=-3 tuning=784 kp=4 ki=1 locked=1
time=152050000 state=4 error=-2 tuning=783 kp=4 ki=1 locked=1
time=152150000 state=4 error=-2 tuning=783 kp=4 ki=1 locked=1
time=152230000 state=4 error=-2 tuning=783 kp=4 ki=1 locked=1
time=152330000 state=4 error=-2 tuning=783 kp=4 ki=1 locked=1
time=152410000 state=4 error=-3 tuning=783 kp=4 ki=1 locked=1
time=152510000 state=4 error=-3 tuning=783 kp=4 ki=1 locked=1
time=152590000 state=4 error=-3 tuning=782 kp=4 ki=1 locked=1
time=152690000 state=4 error=-3 tuning=782 kp=4 ki=1 locked=1
time=152770000 state=4 error=-2 tuning=782 kp=4 ki=1 locked=1
time=152870000 state=4 error=-3 tuning=782 kp=4 ki=1 locked=1
time=152970000 state=4 error=-3 tuning=782 kp=4 ki=1 locked=1
time=153050000 state=4 error=-3 tuning=782 kp=4 ki=1 locked=1
time=153150000 state=4 error=-3 tuning=781 kp=4 ki=1 locked=1
time=153230000 state=4 error=-3 tuning=781 kp=4 ki=1 locked=1
time=153330000 state=4 error=-3 tuning=781 kp=4 ki=1 locked=1
time=153410000 state=4 error=-3 tuning=781 kp=4 ki=1 locked=1
time=153510000 state=4 error=-3 tuning=781 kp=4 ki=1 locked=1
time=153590000 state=4 error=-3 tuning=780 kp=4 ki=1 locked=1
time=153690000 state=4 error=-3 tuning=780 kp=4 ki=1 locked=1
time=153770000 state=4 error=-3 tuning=780 kp=4 ki=1 locked=1
time=153870000 state=4 error=-4 tuning=780 kp=4 ki=1 locked=1
time=153970000 state=4 error=-4 tuning=779 kp=4 ki=1 locked=1
time=154050000 state=4 error=-3 tuning=779 kp=4 ki=1 locked=1
time=154150000 state=4 error=-3 tuning=779 kp=4 ki=1 locked=1
time=154230000 state=4 error=-3 tuning=779 kp=4 ki=1 locked=1
time=154330000 state=4 error=-3 tuning=779 kp=4 ki=1 locked=1
time=154410000 state=4 error=-4 tuning=779 kp=4 ki=1 locked=1
time=154510000 state=4 error=-4 tuning=778 kp=4 ki=1 locked=1
time=154590000 state=4 error=-3 tuning=778 kp=4 ki=1 locked=1
time=154690000 state=4 error=-3 tuning=778 kp=4 ki=1 locked=1
time=154770000 state=4 error=-3 tuning=778 kp=4 ki=1 locked=1
time=154870000 state=4 error=-4 tuning=778 kp=4 ki=1 locked=1
time=154970000 state=4 error=-4 tuning=777 kp=4 ki=1 locked=1
time=155050000 state=4 error=-3 tuning=777 kp=4 ki=1 locked=1
time=155150000 state=4 error=-3 tuning=777 kp=4 ki=1 locked=1
time=155230000 state=4 error=-3 tuning=777 kp=4 ki=1 locked=1
time=155330000 state=4 error=-3 tuning=777 kp=4 ki=1 locked=1
time=155410000 state=4 error=-4 tuning=776 kp=4 ki=1 locked=1
time=155510000 state=4 error=-4 tuning=776 kp=4 ki=1 locked=1
time=155590000 state=4 error=-3 tuning=776 kp=4 ki=1 locked=1
time=155690000 state=4 error=-3 tuning=776 kp=4 ki=1 locked=1
time=155770000 state=4 error=-3 tuning=775 kp=4 ki=1 locked=1
time=155870000 state=4 error=-4 tuning=775 kp=4 ki=1 locked=1
time=155970000 state=4 error=-4 tuning=775 kp=4 ki=1 locked=1
time=156050000 state=4 error=-3 tuning=775 kp=4 ki=1 locked=1
time=156150000 state=4 error=-3 tuning=775 kp=4 ki=1 locked=1
time=156230000 state=4 error=-3 tuning=774 kp=4 ki=1 locked=1
time=156330000 state=4 error=-3 tuning=774 kp=4 ki=1 locked=1
time=156410000 state=4 error=-3 tuning=774 kp=4 ki=1 locked=1
time=156510000 state=4 error=-3 tuning=774 kp=4 ki=1 locked=1
time=156590000 state=4 error=-3 tuning=774 kp=4 ki=1 locked=1
time=156690000 state=4 error=-3 tuning=773 kp=4 ki=1 locked=1
time=156770000 state=4 error=-3 tuning=773 kp=4 ki=1 locked=1
time=156870000 state=4 error=-3 tuning=773 kp=4 ki=1 locked=1
time=156970000 state=4 error=-3 tuning=773 kp=4 ki=1 locked=1
time=157050000 state=4 error=-3 tuning=773 kp=4 ki=1 locked=1
time=157150000 state=4 error=-3 tuning=773 kp=4 ki=1 locked=1
time=157230000 state=4 error=-2 tuning=772 kp=4 ki=1 locked=1
time=157330000 state=4 error=-2 tuning=772 kp=4 ki=1 locked=1
time=157410000 state=4 error=-3 tuning=772 kp=4 ki=1 locked=1
time=157510000 state=4 error=-3 tuning=772 kp=4 ki=1 locked=1
time=157590000 state=4 error=-3 tuning=772 kp=4 ki=1 locked=1
time=157690000 state=4 error=-2 tuning=772 kp=4 ki=1 locked=1
time=157770000 state=4 error=-2 tuning=772 kp=4 ki=1 locked=1
time=157870000 state=4 error=-3 tuning=772 kp=4 ki=1 locked=1
time=157970000 state=4 error=-3 tuning=771 kp=4 ki=1 locked=1
time=158050000 state=4 error=-2 tuning=771 kp=4 ki=1 locked=1
time=158150000 state=4 error=-2 tuning=771 kp=4 ki=1 locked=1
time=158230000 state=4 error=-2 tuning=771 kp=4 ki=1 locked=1
time=158330000 state=4 error=-2 tuning=771 kp=4 ki=1 locked=1
time=158410000 state=4 error=-2 tuning=771 kp=4 ki=1 locked=1
time=158510000 state=4 error=-2 tuning=771 kp=4 ki=1 locked=1
time=158590000 state=4 error=-2 tuning=770 kp=4 ki=1 locked=1
time=158690000 state=4 error=-2 tuning=770 kp=4 ki=1 locked=1
time=158770000 state=4 error=-1 tuning=770 kp=4 ki=1 locked=1
time=158870000 state=4 error=-2 tuning=770 kp=4 ki=1 locked=1
time=158970000 state=4 error=-2 tuning=770 kp=4 ki=1 locked=1
time=159050000 state=4 error=-2 tuning=770 kp=4 ki=1 locked=1
time=159150000 state=4 error=-1 tuning=770 kp=4 ki=1 locked=1
time=159230000 state=4 error=-1 tuning=770 kp=4 ki=1 locked=1
time=159330000 state=4 error=-1 tuning=770 kp=4 ki=1 locked=1
time=159410000 state=4 error=-2 tuning=770 kp=4 ki=1 locked=1
time=159510000 state=4 error=-1 tuning=769 kp=4 ki=1 locked=1
time=159590000 state=4 error=-1 tuning=770 kp=4 ki=1 locked=1
time=159690000 state=4 error=-1 tuning=770 kp=4 ki=1 locked=1
time=159770000 state=4 error=0 tuning=769 kp=4 ki=1 locked=1
time=159870000 state=4 error=-1 tuning=770 kp=4 ki=1 locked=1
time=159970000 state=4 error=-1 tuning=769 kp=4 ki=1 locked=1
time=160050000 state=4 error=-1 tuning=769 kp=4 ki=1 locked=1
time=160150000 state=4 error=0 tuning=769 kp=4 ki=1 locked=1
time=160230000 state=4 error=0 tuning=770 kp=4 ki=1 locked=1
time=160330000 state=4 error=0 tuning=770 kp=4 ki=1 locked=1
time=160410000 state=4 error=-1 tuning=770 kp=4 ki=1 locked=1
time=160510000 state=4 error=0 tuning=769 kp=4 ki=1 locked=1
time=160590000 state=4 error=0 tuning=769 kp=4 ki=1 locked=1
time=160690000 state=4 error=0 tuning=769 kp=4 ki=1 locked=1
time=160770000 state=4 error=0 tuning=769 kp=4 ki=1 locked=1
time=160870000 state=4 error=0 tuning=769 kp=4 ki=1 locked=1
time=160970000 state=4 error=0 tuning=769 kp=4 ki=1 locked=1
time=161050000 state=4 error=0 tuning=769 kp=4 ki=1 locked=1
time=161150000 state=4 error=0 tuning=769 kp=4 ki=1 locked=1
time=161230000 state=4 error=1 tuning=769 kp=4 ki=1 locked=1
time=161330000 state=4 error=1 tuning=770 kp=4 ki=1 locked=1
time=161410000 state=4 error=0 tuning=770 kp=4 ki=1 locked=1
time=161510000 state=4 error=1 tuning=770 kp=4 ki=1 locked=1

============================================
PASS: PLL SUSTAINED REACQUISITION
Stable reacquisition began at     = 141551.00 ns
Stable reacquisition confirmed at = 161531.00 ns
Continuous lock window            = 1000 ctrl cycles
Tuning word                       = 770
Phase error                       = 1
FSM state                         = 4
============================================


============================================
FULL PLL SUSTAINED-LOCK TEST PASSED
============================================

tb/pll_tb.v:827: $finish called at 161531000 (1ps)
